Nome: SERRINHA
Codigo Estacao: 83190
Latitude: -11.66805554
Longitude: -39.00194444
Altitude: 362.39
Situacao: Temporariamente Fechada
Data Inicial: 2020-01-01
Data Final: 2024-03-31
Periodicidade da Medicao: Diaria

Data Medicao;EVAPORACAO DO PICHE, DIARIA(mm);INSOLACAO TOTAL, DIARIO(h);PRECIPITACAO TOTAL, DIARIO(mm);TEMPERATURA MAXIMA, DIARIA(°C);TEMPERATURA MEDIA COMPENSADA, DIARIA(°C);TEMPERATURA MINIMA, DIARIA(°C);UMIDADE RELATIVA DO AR, MEDIA DIARIA(%);UMIDADE RELATIVA DO AR, MINIMA DIARIA(%);VENTO, VELOCIDADE MEDIA DIARIA(m/s);
2020-01-01;null;null;null;null;null;null;null;94;null;
2020-01-02;null;null;null;null;null;null;null;null;null;
2020-01-03;null;null;null;null;null;null;null;null;null;
2020-01-04;null;null;null;null;null;null;null;null;null;
2020-01-05;null;null;null;null;null;null;null;null;null;
2020-01-06;null;null;null;null;null;null;null;null;null;
2020-01-07;null;null;null;null;null;null;null;null;null;
2020-01-08;null;null;null;null;null;null;null;null;null;
2020-01-09;null;null;null;null;null;null;null;null;null;
2020-01-10;null;null;null;null;null;null;null;null;null;
2020-01-11;null;null;null;null;null;null;null;null;null;
2020-01-12;null;null;null;null;null;null;null;null;null;
2020-01-13;null;null;null;null;null;null;null;null;null;
2020-01-14;null;null;null;null;null;null;null;null;null;
2020-01-15;null;null;null;null;null;null;null;null;null;
2020-01-16;null;null;null;null;null;null;null;null;null;
2020-01-17;null;null;null;null;null;null;null;null;null;
2020-01-18;null;null;null;null;null;null;null;null;null;
2020-01-19;null;null;null;null;null;null;null;null;null;
2020-01-20;null;null;null;null;null;null;null;null;null;
2020-01-21;null;null;null;null;null;null;null;null;null;
2020-01-22;null;null;null;null;null;null;null;null;null;
2020-01-23;null;null;null;null;null;null;null;null;null;
2020-01-24;null;null;null;null;null;null;null;null;null;
2020-01-25;null;null;null;null;null;null;null;null;null;
2020-01-26;null;null;null;null;null;null;null;null;null;
2020-01-27;null;null;null;null;null;null;null;null;null;
2020-01-28;null;null;null;null;null;null;null;null;null;
2020-01-29;null;null;null;null;null;null;null;null;null;
2020-01-30;null;null;null;null;null;null;null;null;null;
2020-01-31;null;null;null;null;null;null;null;null;null;
2020-02-01;3,6;5,3;0;null;null;22,8;80;null;null;
2020-02-02;3,8;7,2;0;null;null;23,7;76,8;null;null;
2020-02-03;4,6;5,8;0;null;null;24,4;83,5;null;null;
2020-02-04;2,7;6;42,2;null;null;23,3;90;null;null;
2020-02-05;2,1;9,5;0;null;null;23,3;82,5;null;null;
2020-02-06;3,3;7,2;0;null;null;23,2;86,5;null;null;
2020-02-07;2,9;2,2;0;null;null;22,6;96,3;null;null;
2020-02-08;1,6;5,3;5,3;null;null;22,9;85,3;null;null;
2020-02-09;2,6;4,6;0;null;null;23,7;77,8;null;null;
2020-02-10;4,4;null;0;null;null;23,5;90,3;null;null;
2020-02-11;2,7;9,5;0;null;null;23,7;75;null;null;
2020-02-12;4,8;9,6;0;null;null;22,1;73;null;null;
2020-02-13;4,5;8,5;0;null;null;23,1;81,8;null;null;
2020-02-14;3,1;8,5;0;null;null;23,5;80,8;null;null;
2020-02-15;3,9;10,5;0;null;null;23,4;70;null;null;
2020-02-16;4,5;9;0;null;null;22;72,8;null;null;
2020-02-17;5,4;9;0;null;null;22,6;93,8;null;null;
2020-02-18;1,9;4,5;14,6;null;null;23,1;82,8;null;null;
2020-02-19;2,8;5,3;0;null;null;22,5;84,8;null;null;
2020-02-20;2,4;6,8;7,5;null;null;22,2;83;null;null;
2020-02-21;3,1;1,9;0;null;null;22,8;90;null;null;
2020-02-22;2,2;7,2;,5;null;null;23,6;80,5;null;null;
2020-02-23;3,8;7,6;0;null;null;23,7;80,3;null;null;
2020-02-24;3,6;8,8;0;null;null;24,1;76;null;null;
2020-02-25;5,4;8,8;0;null;null;22,2;74,5;null;null;
2020-02-26;4,2;9,7;0;null;null;23,2;73;null;null;
2020-02-27;4,4;8,7;0;null;null;22,9;74;null;null;
2020-02-28;4,6;7,7;0;null;null;24,1;75,5;43;null;
2020-02-29;4,2;9,8;0;null;null;23,6;74,8;50;null;
2020-03-01;5,1;9,6;0;null;null;23,5;70;null;null;
2020-03-02;5,2;10,4;0;null;null;22,3;68,8;null;null;
2020-03-03;5,5;1,5;0;null;null;22,3;72,8;null;null;
2020-03-04;3,7;9,2;0;null;null;23,1;62,5;null;null;
2020-03-05;5;4,5;0;null;null;24,3;76,3;null;null;
2020-03-06;4,5;1;2,2;null;null;25,1;93,3;null;null;
2020-03-07;1,4;2,3;42,4;null;null;23,1;89,8;null;null;
2020-03-08;1,7;6,9;0;null;null;24;85,5;null;null;
2020-03-09;3;8;0;null;null;24,2;87,3;null;null;
2020-03-10;2,9;6,7;18,2;null;null;22,8;91,5;null;null;
2020-03-11;1,9;7,6;0;null;null;23,3;84;null;null;
2020-03-12;3;7,7;,6;null;null;23,5;79,8;null;null;
2020-03-13;2,9;7,8;19,3;null;null;22,2;84,3;null;null;
2020-03-14;3,3;null;0;null;null;22,2;91;null;null;
2020-03-15;1,9;null;,8;null;null;22,3;86,8;null;null;
2020-03-16;2;4;,8;null;null;22,1;86,5;null;null;
2020-03-17;4;9,9;0;null;null;22,3;76;null;null;
2020-03-18;4;10;0;null;null;23,5;79;null;null;
2020-03-19;4;9,6;0;null;null;24;81,3;null;null;
2020-03-20;3,5;,6;3;null;null;24,2;87,5;null;null;
2020-03-21;1,8;2,9;1,2;null;null;23,5;87,3;null;null;
2020-03-22;1,4;8,3;8,2;null;null;23,2;86,8;null;3,1;
2020-03-23;3,3;,3;12,4;null;null;21,8;93,8;null;null;
2020-03-24;1,4;1,6;0;null;null;22,5;94,3;null;null;
2020-03-25;2,9;7,1;0;null;null;22,1;88,8;null;null;
2020-03-26;2,5;1,5;0;null;null;22,8;95;null;null;
2020-03-27;1,6;4,2;1,1;null;null;22,3;91;null;null;
2020-03-28;1,9;6,8;41,5;null;null;22,9;91,8;null;null;
2020-03-29;1,9;0;1,7;null;null;22,6;97,8;null;null;
2020-03-30;,8;7;8,8;null;null;22,2;88,3;60;null;
2020-03-31;2,3;7;0;null;null;22,4;92,5;85;null;
2020-04-01;2,8;3,1;2,9;null;null;22,8;91;70;null;
2020-04-02;1,8;9,2;3,1;null;null;21,6;83,3;54;null;
2020-04-03;2,9;8;0;null;null;22,6;74,8;57;null;
2020-04-04;3;8,5;0;null;null;23,1;73;56;null;
2020-04-05;3,1;8,5;0;null;null;22,9;82;58;null;
2020-04-06;4;6,4;0;null;null;24,1;84,5;67;null;
2020-04-07;3,6;8,2;0;null;null;23,1;83;57;null;
2020-04-08;3,6;null;0;null;null;23,7;81,5;56;null;
2020-04-09;4;null;0;null;null;22,7;null;78;null;
2020-04-10;null;null;null;null;null;null;null;null;null;
2020-04-11;null;null;null;null;null;null;null;null;null;
2020-04-12;null;null;null;null;null;null;null;null;null;
2020-04-13;null;null;null;null;null;null;null;null;null;
2020-04-14;null;null;null;null;null;null;null;null;null;
2020-04-15;null;null;null;null;null;null;null;null;null;
2020-04-16;null;null;null;null;null;null;null;null;null;
2020-04-17;null;null;null;null;null;null;null;null;null;
2020-04-18;null;null;null;null;null;null;null;null;null;
2020-04-19;null;null;null;null;null;null;null;null;null;
2020-04-20;null;null;null;null;null;null;null;null;null;
2020-04-21;null;null;null;null;null;null;null;null;null;
2020-04-22;null;null;null;null;null;null;null;null;null;
2020-04-23;null;null;null;null;null;null;null;null;null;
2020-04-24;null;null;null;null;null;null;null;null;null;
2020-04-25;null;null;null;null;null;null;null;null;null;
2020-04-26;null;null;null;null;null;null;null;null;null;
2020-04-27;null;null;null;null;null;null;null;null;null;
2020-04-28;null;null;null;null;null;null;null;null;null;
2020-04-29;null;null;null;null;null;null;null;null;null;
2020-04-30;null;null;null;null;null;null;null;null;null;
2020-05-01;null;null;null;null;null;null;null;null;null;
2020-05-02;null;null;null;null;null;null;null;null;null;
2020-05-03;null;null;null;null;null;null;null;null;null;
2020-05-04;null;null;null;null;null;null;null;null;null;
2020-05-05;null;null;null;null;null;null;null;null;null;
2020-05-06;null;null;null;null;null;null;null;null;null;
2020-05-07;null;null;null;null;null;null;null;null;null;
2020-05-08;null;null;null;null;null;null;null;null;null;
2020-05-09;null;null;null;null;null;null;null;null;null;
2020-05-10;null;null;null;null;null;null;null;null;null;
2020-05-11;null;null;null;null;null;null;null;null;null;
2020-05-12;null;null;null;null;null;null;null;null;null;
2020-05-13;null;null;null;null;null;null;null;null;null;
2020-05-14;null;null;null;null;null;null;null;null;null;
2020-05-15;null;null;null;null;null;null;null;null;null;
2020-05-16;null;null;null;null;null;null;null;null;null;
2020-05-17;null;null;null;null;null;null;null;null;null;
2020-05-18;null;null;null;null;null;null;null;null;null;
2020-05-19;null;null;null;null;null;null;null;null;null;
2020-05-20;null;null;null;null;null;null;null;null;null;
2020-05-21;null;null;null;null;null;null;null;null;null;
2020-05-22;null;null;null;null;null;null;null;null;null;
2020-05-23;null;null;null;null;null;null;null;null;null;
2020-05-24;null;null;null;null;null;null;null;null;null;
2020-05-25;null;null;null;null;null;null;null;null;null;
2020-05-26;null;null;null;null;null;null;null;null;null;
2020-05-27;null;null;null;null;null;null;null;null;null;
2020-05-28;null;null;null;null;null;null;null;null;null;
2020-05-29;null;null;null;null;null;null;null;null;null;
2020-05-30;null;null;null;null;null;null;null;null;null;
2020-05-31;null;null;null;null;null;null;null;null;null;
2020-06-01;null;null;null;null;null;null;null;null;null;
2020-06-02;null;null;null;null;null;null;null;null;null;
2020-06-03;null;null;null;null;null;null;null;null;null;
2020-06-04;null;null;null;null;null;null;null;null;null;
2020-06-05;null;null;null;null;null;null;null;null;null;
2020-06-06;null;null;null;null;null;null;null;null;null;
2020-06-07;null;null;null;null;null;null;null;null;null;
2020-06-08;null;null;null;null;null;null;null;null;null;
2020-06-09;null;null;null;null;null;null;null;null;null;
2020-06-10;null;null;null;null;null;null;null;null;null;
2020-06-11;null;null;null;null;null;null;null;null;null;
2020-06-12;null;null;null;null;null;null;null;null;null;
2020-06-13;null;null;null;null;null;null;null;null;null;
2020-06-14;null;null;null;null;null;null;null;null;null;
2020-06-15;null;null;null;null;null;null;null;null;null;
2020-06-16;null;null;null;null;null;null;null;null;null;
2020-06-17;null;null;null;null;null;null;null;null;null;
2020-06-18;null;null;null;null;null;null;null;null;null;
2020-06-19;null;null;null;null;null;null;null;null;null;
2020-06-20;null;null;null;null;null;null;null;null;null;
2020-06-21;null;null;null;null;null;null;null;null;null;
2020-06-22;null;null;null;null;null;null;null;null;null;
2020-06-23;null;null;null;null;null;null;null;null;null;
2020-06-24;null;null;null;null;null;null;null;null;null;
2020-06-25;null;null;null;null;null;null;null;null;null;
2020-06-26;null;null;null;null;null;null;null;null;null;
2020-06-27;null;null;null;null;null;null;null;null;null;
2020-06-28;null;null;null;null;null;null;null;null;null;
2020-06-29;null;null;null;null;null;null;null;null;null;
2020-06-30;null;null;null;null;null;null;null;null;null;
2020-07-01;null;null;null;null;null;null;null;null;null;
2020-07-02;null;null;null;null;null;null;null;null;null;
2020-07-03;null;null;null;null;null;null;null;null;null;
2020-07-04;null;null;null;null;null;null;null;null;null;
2020-07-05;null;null;null;null;null;null;null;null;null;
2020-07-06;null;null;null;null;null;null;null;null;null;
2020-07-07;null;null;null;null;null;null;null;null;null;
2020-07-08;null;null;null;null;null;null;null;null;null;
2020-07-09;null;null;null;null;null;null;null;null;null;
2020-07-10;null;null;null;null;null;null;null;null;null;
2020-07-11;null;null;null;null;null;null;null;null;null;
2020-07-12;null;null;null;null;null;null;null;null;null;
2020-07-13;null;null;null;null;null;null;null;null;null;
2020-07-14;null;null;null;null;null;null;null;null;null;
2020-07-15;null;null;null;null;null;null;null;null;null;
2020-07-16;null;null;null;null;null;null;null;null;null;
2020-07-17;null;null;null;null;null;null;null;null;null;
2020-07-18;null;null;null;null;null;null;null;null;null;
2020-07-19;null;null;null;null;null;null;null;null;null;
2020-07-20;null;null;null;null;null;null;null;null;null;
2020-07-21;null;null;null;null;null;null;null;null;null;
2020-07-22;null;null;null;null;null;null;null;null;null;
2020-07-23;null;null;null;null;null;null;null;null;null;
2020-07-24;null;null;null;null;null;null;null;null;null;
2020-07-25;null;null;null;null;null;null;null;null;null;
2020-07-26;null;null;null;null;null;null;null;null;null;
2020-07-27;null;null;null;null;null;null;null;null;null;
2020-07-28;null;null;null;null;null;null;null;null;null;
2020-07-29;null;null;null;null;null;null;null;null;null;
2020-07-30;null;null;null;null;null;null;null;null;null;
2020-07-31;null;null;null;null;null;null;null;null;null;
2020-08-01;null;null;null;null;null;null;null;null;null;
2020-08-02;null;null;null;null;null;null;null;null;null;
2020-08-03;null;null;null;null;null;null;null;null;null;
2020-08-04;null;null;null;null;null;null;null;null;null;
2020-08-05;null;null;null;null;null;null;null;null;null;
2020-08-06;null;null;null;null;null;null;null;null;null;
2020-08-07;null;null;null;null;null;null;null;null;null;
2020-08-08;null;null;null;null;null;null;null;null;null;
2020-08-09;null;null;null;null;null;null;null;null;null;
2020-08-10;null;null;null;null;null;null;null;null;null;
2020-08-11;null;null;null;null;null;null;null;null;null;
2020-08-12;null;null;null;null;null;null;null;null;null;
2020-08-13;null;null;null;null;null;null;null;null;null;
2020-08-14;null;null;null;null;null;null;null;null;null;
2020-08-15;null;null;null;null;null;null;null;null;null;
2020-08-16;null;null;null;null;null;null;null;null;null;
2020-08-17;null;null;null;null;null;null;null;null;null;
2020-08-18;null;null;null;null;null;null;null;null;null;
2020-08-19;null;null;null;null;null;null;null;null;null;
2020-08-20;null;null;null;null;null;null;null;null;null;
2020-08-21;null;null;null;null;null;null;null;null;null;
2020-08-22;null;null;null;null;null;null;null;null;null;
2020-08-23;null;null;null;null;null;null;null;null;null;
2020-08-24;null;null;null;null;null;null;null;null;null;
2020-08-25;null;null;null;null;null;null;null;null;null;
2020-08-26;null;null;null;null;null;null;null;null;null;
2020-08-27;null;null;null;null;null;null;null;null;null;
2020-08-28;null;null;null;null;null;null;null;null;null;
2020-08-29;null;null;null;null;null;null;null;null;null;
2020-08-30;null;null;null;null;null;null;null;null;null;
2020-08-31;null;null;null;null;null;null;null;null;null;
2020-09-01;null;null;null;null;null;null;null;null;null;
2020-09-02;null;null;null;null;null;null;null;null;null;
2020-09-03;null;null;null;null;null;null;null;null;null;
2020-09-04;null;null;null;null;null;null;null;null;null;
2020-09-05;null;null;null;null;null;null;null;null;null;
2020-09-06;null;null;null;null;null;null;null;null;null;
2020-09-07;null;null;null;null;null;null;null;null;null;
2020-09-08;null;null;null;null;null;null;null;null;null;
2020-09-09;null;null;null;null;null;null;null;null;null;
2020-09-10;null;null;null;null;null;null;null;null;null;
2020-09-11;null;null;null;null;null;null;null;null;null;
2020-09-12;null;null;null;null;null;null;null;null;null;
2020-09-13;null;null;null;null;null;null;null;null;null;
2020-09-14;null;null;null;null;null;null;null;null;null;
2020-09-15;null;null;null;null;null;null;null;null;null;
2020-09-16;null;null;null;null;null;null;null;null;null;
2020-09-17;null;null;null;null;null;null;null;null;null;
2020-09-18;null;null;null;null;null;null;null;null;null;
2020-09-19;null;null;null;null;null;null;null;null;null;
2020-09-20;null;null;null;null;null;null;null;null;null;
2020-09-21;null;null;null;null;null;null;null;null;null;
2020-09-22;null;null;null;null;null;null;null;null;null;
2020-09-23;null;null;null;null;null;null;null;null;null;
2020-09-24;null;null;null;null;null;null;null;null;null;
2020-09-25;null;null;null;null;null;null;null;null;null;
2020-09-26;null;null;null;null;null;null;null;null;null;
2020-09-27;null;null;null;null;null;null;null;null;null;
2020-09-28;null;null;null;null;null;null;null;null;null;
2020-09-29;null;null;null;null;null;null;null;null;null;
2020-09-30;null;null;null;null;null;null;null;null;null;
2020-10-01;null;null;null;null;null;null;null;null;null;
2020-10-02;null;null;null;null;null;null;null;null;null;
2020-10-03;null;null;null;null;null;null;null;null;null;
2020-10-04;null;null;null;null;null;null;null;null;null;
2020-10-05;null;null;null;null;null;null;null;null;null;
2020-10-06;null;null;null;null;null;null;null;null;null;
2020-10-07;null;null;null;null;null;null;null;null;null;
2020-10-08;null;null;null;null;null;null;null;null;null;
2020-10-09;null;null;null;null;null;null;null;null;null;
2020-10-10;null;null;null;null;null;null;null;null;null;
2020-10-11;null;null;null;null;null;null;null;null;null;
2020-10-12;null;null;null;null;null;null;null;null;null;
2020-10-13;null;null;null;null;null;null;null;null;null;
2020-10-14;null;null;null;null;null;null;null;null;null;
2020-10-15;null;null;null;null;null;null;null;null;null;
2020-10-16;null;null;null;null;null;null;null;null;null;
2020-10-17;null;null;null;null;null;null;null;null;null;
2020-10-18;null;null;null;null;null;null;null;null;null;
2020-10-19;null;null;null;null;null;null;null;null;null;
2020-10-20;null;null;null;null;null;null;null;null;null;
2020-10-21;null;null;null;null;null;null;null;null;null;
2020-10-22;null;null;null;null;null;null;null;null;null;
2020-10-23;null;null;null;null;null;null;null;null;null;
2020-10-24;null;null;null;null;null;null;null;null;null;
2020-10-25;null;null;null;null;null;null;null;null;null;
2020-10-26;null;null;null;null;null;null;null;null;null;
2020-10-27;null;null;null;null;null;null;null;null;null;
2020-10-28;null;null;null;null;null;null;null;null;null;
2020-10-29;null;null;null;null;null;null;null;null;null;
2020-10-30;null;null;null;null;null;null;null;null;null;
2020-10-31;null;null;null;null;null;null;null;null;null;
2020-11-01;null;null;null;null;null;null;null;null;null;
2020-11-02;null;null;null;null;null;null;null;null;null;
2020-11-03;null;null;null;null;null;null;null;null;null;
2020-11-04;null;null;null;null;null;null;null;null;null;
2020-11-05;null;null;null;null;null;null;null;null;null;
2020-11-06;null;null;null;null;null;null;null;null;null;
2020-11-07;null;null;null;null;null;null;null;null;null;
2020-11-08;null;null;null;null;null;null;null;null;null;
2020-11-09;null;null;null;null;null;null;null;null;null;
2020-11-10;null;null;null;null;null;null;null;null;null;
2020-11-11;null;null;null;null;null;null;null;null;null;
2020-11-12;null;null;null;null;null;null;null;null;null;
2020-11-13;null;null;null;null;null;null;null;null;null;
2020-11-14;null;null;null;null;null;null;null;null;null;
2020-11-15;null;null;null;null;null;null;null;null;null;
2020-11-16;null;null;null;null;null;null;null;null;null;
2020-11-17;null;null;null;null;null;null;null;null;null;
2020-11-18;null;null;null;null;null;null;null;null;null;
2020-11-19;null;null;null;null;null;null;null;null;null;
2020-11-20;null;null;null;null;null;null;null;null;null;
2020-11-21;null;null;null;null;null;null;null;null;null;
2020-11-22;null;null;null;null;null;null;null;null;null;
2020-11-23;null;null;null;null;null;null;null;null;null;
2020-11-24;null;null;null;null;null;null;null;null;null;
2020-11-25;null;null;null;null;null;null;null;null;null;
2020-11-26;null;null;null;null;null;null;null;null;null;
2020-11-27;null;null;null;null;null;null;null;null;null;
2020-11-28;null;null;null;null;null;null;null;null;null;
2020-11-29;null;null;null;null;null;null;null;null;null;
2020-11-30;null;null;null;null;null;null;null;null;null;
2020-12-01;null;null;null;null;null;null;null;null;null;
2020-12-02;null;null;null;null;null;null;null;null;null;
2020-12-03;null;null;null;null;null;null;null;null;null;
2020-12-04;null;null;null;null;null;null;null;null;null;
2020-12-05;null;null;null;null;null;null;null;null;null;
2020-12-06;null;null;null;null;null;null;null;null;null;
2020-12-07;null;null;null;null;null;null;null;null;null;
2020-12-08;null;null;null;null;null;null;null;null;null;
2020-12-09;null;null;null;null;null;null;null;null;null;
2020-12-10;null;null;null;null;null;null;null;null;null;
2020-12-11;null;null;null;null;null;null;null;null;null;
2020-12-12;null;null;null;null;null;null;null;null;null;
2020-12-13;null;null;null;null;null;null;null;null;null;
2020-12-14;null;null;null;null;null;null;null;null;null;
2020-12-15;null;null;null;null;null;null;null;null;null;
2020-12-16;null;null;null;null;null;null;null;null;null;
2020-12-17;null;null;null;null;null;null;null;null;null;
2020-12-18;null;null;null;null;null;null;null;null;null;
2020-12-19;null;null;null;null;null;null;null;null;null;
2020-12-20;null;null;null;null;null;null;null;null;null;
2020-12-21;null;null;null;null;null;null;null;null;null;
2020-12-22;null;null;null;null;null;null;null;null;null;
2020-12-23;null;null;null;null;null;null;null;null;null;
2020-12-24;null;null;null;null;null;null;null;null;null;
2020-12-25;null;null;null;null;null;null;null;null;null;
2020-12-26;null;null;null;null;null;null;null;null;null;
2020-12-27;null;null;null;null;null;null;null;null;null;
2020-12-28;null;null;null;null;null;null;null;null;null;
2020-12-29;null;null;null;null;null;null;null;null;null;
2020-12-30;null;null;null;null;null;null;null;null;null;
2020-12-31;null;null;null;null;null;null;null;null;null;
2021-01-01;null;null;null;null;null;null;null;null;null;
2021-01-02;null;null;null;null;null;null;null;null;null;
2021-01-03;null;null;null;null;null;null;null;null;null;
2021-01-04;null;null;null;null;null;null;null;null;null;
2021-01-05;null;null;null;null;null;null;null;null;null;
2021-01-06;null;null;null;null;null;null;null;null;null;
2021-01-07;null;null;null;null;null;null;null;null;null;
2021-01-08;null;null;null;null;null;null;null;null;null;
2021-01-09;null;null;null;null;null;null;null;null;null;
2021-01-10;null;null;null;null;null;null;null;null;null;
2021-01-11;null;null;null;null;null;null;null;null;null;
2021-01-12;null;null;null;null;null;null;null;null;null;
2021-01-13;null;null;null;null;null;null;null;null;null;
2021-01-14;null;null;null;null;null;null;null;null;null;
2021-01-15;null;null;null;null;null;null;null;null;null;
2021-01-16;null;null;null;null;null;null;null;null;null;
2021-01-17;null;null;null;null;null;null;null;null;null;
2021-01-18;null;null;null;null;null;null;null;null;null;
2021-01-19;null;null;null;null;null;null;null;null;null;
2021-01-20;null;null;null;null;null;null;null;null;null;
2021-01-21;null;null;null;null;null;null;null;null;null;
2021-01-22;null;null;null;null;null;null;null;null;null;
2021-01-23;null;null;null;null;null;null;null;null;null;
2021-01-24;null;null;null;null;null;null;null;null;null;
2021-01-25;null;null;null;null;null;null;null;null;null;
2021-01-26;null;null;null;null;null;null;null;null;null;
2021-01-27;null;null;null;null;null;null;null;null;null;
2021-01-28;null;null;null;null;null;null;null;null;null;
2021-01-29;null;null;null;null;null;null;null;null;null;
2021-01-30;null;null;null;null;null;null;null;null;null;
2021-01-31;null;null;null;null;null;null;null;null;null;
2021-02-01;null;null;null;null;null;null;null;null;null;
2021-02-02;null;null;null;null;null;null;null;null;null;
2021-02-03;null;null;null;null;null;null;null;null;null;
2021-02-04;null;null;null;null;null;null;null;null;null;
2021-02-05;null;null;null;null;null;null;null;null;null;
2021-02-06;null;null;null;null;null;null;null;null;null;
2021-02-07;null;null;null;null;null;null;null;null;null;
2021-02-08;null;null;null;null;null;null;null;null;null;
2021-02-09;null;null;null;null;null;null;null;null;null;
2021-02-10;null;null;null;null;null;null;null;null;null;
2021-02-11;null;null;null;null;null;null;null;null;null;
2021-02-12;null;null;null;null;null;null;null;null;null;
2021-02-13;null;null;null;null;null;null;null;null;null;
2021-02-14;null;null;null;null;null;null;null;null;null;
2021-02-15;null;null;null;null;null;null;null;null;null;
2021-02-16;null;null;null;null;null;null;null;null;null;
2021-02-17;null;null;null;null;null;null;null;null;null;
2021-02-18;null;null;null;null;null;null;null;null;null;
2021-02-19;null;null;null;null;null;null;null;null;null;
2021-02-20;null;null;null;null;null;null;null;null;null;
2021-02-21;null;null;null;null;null;null;null;null;null;
2021-02-22;null;null;null;null;null;null;null;null;null;
2021-02-23;null;null;null;null;null;null;null;null;null;
2021-02-24;null;null;null;null;null;null;null;null;null;
2021-02-25;null;null;null;null;null;null;null;null;null;
2021-02-26;null;null;null;null;null;null;null;null;null;
2021-02-27;null;null;null;null;null;null;null;null;null;
2021-02-28;null;null;null;null;null;null;null;null;null;
2021-03-01;null;null;null;null;null;null;null;null;null;
2021-03-02;null;null;null;null;null;null;null;null;null;
2021-03-03;null;null;null;null;null;null;null;null;null;
2021-03-04;null;null;null;null;null;null;null;null;null;
2021-03-05;null;null;null;null;null;null;null;null;null;
2021-03-06;null;null;null;null;null;null;null;null;null;
2021-03-07;null;null;null;null;null;null;null;null;null;
2021-03-08;null;null;null;null;null;null;null;null;null;
2021-03-09;null;null;null;null;null;null;null;null;null;
2021-03-10;null;null;null;null;null;null;null;null;null;
2021-03-11;null;null;null;null;null;null;null;null;null;
2021-03-12;null;null;null;null;null;null;null;null;null;
2021-03-13;null;null;null;null;null;null;null;null;null;
2021-03-14;null;null;null;null;null;null;null;null;null;
2021-03-15;null;null;null;null;null;null;null;null;null;
2021-03-16;null;null;null;null;null;null;null;null;null;
2021-03-17;null;null;null;null;null;null;null;null;null;
2021-03-18;null;null;null;null;null;null;null;null;null;
2021-03-19;null;null;null;null;null;null;null;null;null;
2021-03-20;null;null;null;null;null;null;null;null;null;
2021-03-21;null;null;null;null;null;null;null;null;null;
2021-03-22;null;null;null;null;null;null;null;null;null;
2021-03-23;null;null;null;null;null;null;null;null;null;
2021-03-24;null;null;null;null;null;null;null;null;null;
2021-03-25;null;null;null;null;null;null;null;null;null;
2021-03-26;null;null;null;null;null;null;null;null;null;
2021-03-27;null;null;null;null;null;null;null;null;null;
2021-03-28;null;null;null;null;null;null;null;null;null;
2021-03-29;null;null;null;null;null;null;null;null;null;
2021-03-30;null;null;null;null;null;null;null;null;null;
2021-03-31;null;null;null;null;null;null;null;null;null;
2021-04-01;null;null;null;null;null;null;null;null;null;
2021-04-02;null;null;null;null;null;null;null;null;null;
2021-04-03;null;null;null;null;null;null;null;null;null;
2021-04-04;null;null;null;null;null;null;null;null;null;
2021-04-05;null;null;null;null;null;null;null;null;null;
2021-04-06;null;null;null;null;null;null;null;null;null;
2021-04-07;null;null;null;null;null;null;null;null;null;
2021-04-08;null;null;null;null;null;null;null;null;null;
2021-04-09;null;null;null;null;null;null;null;null;null;
2021-04-10;null;null;null;null;null;null;null;null;null;
2021-04-11;null;null;null;null;null;null;null;null;null;
2021-04-12;null;null;null;null;null;null;null;null;null;
2021-04-13;null;null;null;null;null;null;null;null;null;
2021-04-14;null;null;null;null;null;null;null;null;null;
2021-04-15;null;null;null;null;null;null;null;null;null;
2021-04-16;null;null;null;null;null;null;null;null;null;
2021-04-17;null;null;null;null;null;null;null;null;null;
2021-04-18;null;null;null;null;null;null;null;null;null;
2021-04-19;null;null;null;null;null;null;null;null;null;
2021-04-20;null;null;null;null;null;null;null;null;null;
2021-04-21;null;null;null;null;null;null;null;null;null;
2021-04-22;null;null;null;null;null;null;null;null;null;
2021-04-23;null;null;null;null;null;null;null;null;null;
2021-04-24;null;null;null;null;null;null;null;null;null;
2021-04-25;null;null;null;null;null;null;null;null;null;
2021-04-26;null;null;null;null;null;null;null;null;null;
2021-04-27;null;null;null;null;null;null;null;null;null;
2021-04-28;null;null;null;null;null;null;null;null;null;
2021-04-29;null;null;null;null;null;null;null;null;null;
2021-04-30;null;null;null;null;null;null;null;null;null;
2021-05-01;null;null;null;null;null;null;null;null;null;
2021-05-02;null;null;null;null;null;null;null;null;null;
2021-05-03;null;null;null;null;null;null;null;null;null;
2021-05-04;null;null;null;null;null;null;null;null;null;
2021-05-05;null;null;null;null;null;null;null;null;null;
2021-05-06;null;null;null;null;null;null;null;null;null;
2021-05-07;null;null;null;null;null;null;null;null;null;
2021-05-08;null;null;null;null;null;null;null;null;null;
2021-05-09;null;null;null;null;null;null;null;null;null;
2021-05-10;null;null;null;null;null;null;null;null;null;
2021-05-11;null;null;null;null;null;null;null;null;null;
2021-05-12;null;null;null;null;null;null;null;null;null;
2021-05-13;null;null;null;null;null;null;null;null;null;
2021-05-14;null;null;null;null;null;null;null;null;null;
2021-05-15;null;null;null;null;null;null;null;null;null;
2021-05-16;null;null;null;null;null;null;null;null;null;
2021-05-17;null;null;null;null;null;null;null;null;null;
2021-05-18;null;null;null;null;null;null;null;null;null;
2021-05-19;null;null;null;null;null;null;null;null;null;
2021-05-20;null;null;null;null;null;null;null;null;null;
2021-05-21;null;null;null;null;null;null;null;null;null;
2021-05-22;null;null;null;null;null;null;null;null;null;
2021-05-23;null;null;null;null;null;null;null;null;null;
2021-05-24;null;null;null;null;null;null;null;null;null;
2021-05-25;null;null;null;null;null;null;null;null;null;
2021-05-26;null;null;null;null;null;null;null;null;null;
2021-05-27;null;null;null;null;null;null;null;null;null;
2021-05-28;null;null;null;null;null;null;null;null;null;
2021-05-29;null;null;null;null;null;null;null;null;null;
2021-05-30;null;null;null;null;null;null;null;null;null;
2021-05-31;null;null;null;null;null;null;null;null;null;
2021-06-01;null;null;null;null;null;null;null;null;null;
2021-06-02;null;null;null;null;null;null;null;null;null;
2021-06-03;null;null;null;null;null;null;null;null;null;
2021-06-04;null;null;null;null;null;null;null;null;null;
2021-06-05;null;null;null;null;null;null;null;null;null;
2021-06-06;null;null;null;null;null;null;null;null;null;
2021-06-07;null;null;null;null;null;null;null;null;null;
2021-06-08;null;null;null;null;null;null;null;null;null;
2021-06-09;null;null;null;null;null;null;null;null;null;
2021-06-10;null;null;null;null;null;null;null;null;null;
2021-06-11;null;null;null;null;null;null;null;null;null;
2021-06-12;null;null;null;null;null;null;null;null;null;
2021-06-13;null;null;null;null;null;null;null;null;null;
2021-06-14;null;null;null;null;null;null;null;null;null;
2021-06-15;null;null;null;null;null;null;null;null;null;
2021-06-16;null;null;null;null;null;null;null;null;null;
2021-06-17;null;null;null;null;null;null;null;null;null;
2021-06-18;null;null;null;null;null;null;null;null;null;
2021-06-19;null;null;null;null;null;null;null;null;null;
2021-06-20;null;null;null;null;null;null;null;null;null;
2021-06-21;null;null;null;null;null;null;null;null;null;
2021-06-22;null;null;null;null;null;null;null;null;null;
2021-06-23;null;null;null;null;null;null;null;null;null;
2021-06-24;null;null;null;null;null;null;null;null;null;
2021-06-25;null;null;null;null;null;null;null;null;null;
2021-06-26;null;null;null;null;null;null;null;null;null;
2021-06-27;null;null;null;null;null;null;null;null;null;
2021-06-28;null;null;null;null;null;null;null;null;null;
2021-06-29;null;null;null;null;null;null;null;null;null;
2021-06-30;null;null;null;null;null;null;null;null;null;
2021-07-01;null;null;null;null;null;null;null;null;null;
2021-07-02;null;null;null;null;null;null;null;null;null;
2021-07-03;null;null;null;null;null;null;null;null;null;
2021-07-04;null;null;null;null;null;null;null;null;null;
2021-07-05;null;null;null;null;null;null;null;null;null;
2021-07-06;null;null;null;null;null;null;null;null;null;
2021-07-07;null;null;null;null;null;null;null;null;null;
2021-07-08;null;null;null;null;null;null;null;null;null;
2021-07-09;null;null;null;null;null;null;null;null;null;
2021-07-10;null;null;null;null;null;null;null;null;null;
2021-07-11;null;null;null;null;null;null;null;null;null;
2021-07-12;null;null;null;null;null;null;null;null;null;
2021-07-13;null;null;null;null;null;null;null;null;null;
2021-07-14;null;null;null;null;null;null;null;null;null;
2021-07-15;null;null;null;null;null;null;null;null;null;
2021-07-16;null;null;null;null;null;null;null;null;null;
2021-07-17;null;null;null;null;null;null;null;null;null;
2021-07-18;null;null;null;null;null;null;null;null;null;
2021-07-19;null;null;null;null;null;null;null;null;null;
2021-07-20;null;null;null;null;null;null;null;null;null;
2021-07-21;null;null;null;null;null;null;null;null;null;
2021-07-22;null;null;null;null;null;null;null;null;null;
2021-07-23;null;null;null;null;null;null;null;null;null;
2021-07-24;null;null;null;null;null;null;null;null;null;
2021-07-25;null;null;null;null;null;null;null;null;null;
2021-07-26;null;null;null;null;null;null;null;null;null;
2021-07-27;null;null;null;null;null;null;null;null;null;
2021-07-28;null;null;null;null;null;null;null;null;null;
2021-07-29;null;null;null;null;null;null;null;null;null;
2021-07-30;null;null;null;null;null;null;null;null;null;
2021-07-31;null;null;null;null;null;null;null;null;null;
2021-08-01;null;null;null;null;null;null;null;null;null;
2021-08-02;null;null;null;null;null;null;null;null;null;
2021-08-03;null;null;null;null;null;null;null;null;null;
2021-08-04;null;null;null;null;null;null;null;null;null;
2021-08-05;null;null;null;null;null;null;null;null;null;
2021-08-06;null;null;null;null;null;null;null;null;null;
2021-08-07;null;null;null;null;null;null;null;null;null;
2021-08-08;null;null;null;null;null;null;null;null;null;
2021-08-09;null;null;null;null;null;null;null;null;null;
2021-08-10;null;null;null;null;null;null;null;null;null;
2021-08-11;null;null;null;null;null;null;null;null;null;
2021-08-12;null;null;null;null;null;null;null;null;null;
2021-08-13;null;null;null;null;null;null;null;null;null;
2021-08-14;null;null;null;null;null;null;null;null;null;
2021-08-15;null;null;null;null;null;null;null;null;null;
2021-08-16;null;null;null;null;null;null;null;null;null;
2021-08-17;null;null;null;null;null;null;null;null;null;
2021-08-18;null;null;null;null;null;null;null;null;null;
2021-08-19;null;null;null;null;null;null;null;null;null;
2021-08-20;null;null;null;null;null;null;null;null;null;
2021-08-21;null;null;null;null;null;null;null;null;null;
2021-08-22;null;null;null;null;null;null;null;null;null;
2021-08-23;null;null;null;null;null;null;null;null;null;
2021-08-24;null;null;null;null;null;null;null;null;null;
2021-08-25;null;null;null;null;null;null;null;null;null;
2021-08-26;null;null;null;null;null;null;null;null;null;
2021-08-27;null;null;null;null;null;null;null;null;null;
2021-08-28;null;null;null;null;null;null;null;null;null;
2021-08-29;null;null;null;null;null;null;null;null;null;
2021-08-30;null;null;null;null;null;null;null;null;null;
2021-08-31;null;null;null;null;null;null;null;null;null;
2021-09-01;null;null;null;null;null;null;null;null;null;
2021-09-02;null;null;null;null;null;null;null;null;null;
2021-09-03;null;null;null;null;null;null;null;null;null;
2021-09-04;null;null;null;null;null;null;null;null;null;
2021-09-05;null;null;null;null;null;null;null;null;null;
2021-09-06;null;null;null;null;null;null;null;null;null;
2021-09-07;null;null;null;null;null;null;null;null;null;
2021-09-08;null;null;null;null;null;null;null;null;null;
2021-09-09;null;null;null;null;null;null;null;null;null;
2021-09-10;null;null;null;null;null;null;null;null;null;
2021-09-11;null;null;null;null;null;null;null;null;null;
2021-09-12;null;null;null;null;null;null;null;null;null;
2021-09-13;null;null;null;null;null;null;null;null;null;
2021-09-14;null;null;null;null;null;null;null;null;null;
2021-09-15;null;null;null;null;null;null;null;null;null;
2021-09-16;null;null;null;null;null;null;null;null;null;
2021-09-17;null;null;null;null;null;null;null;null;null;
2021-09-18;null;null;null;null;null;null;null;null;null;
2021-09-19;null;null;null;null;null;null;null;null;null;
2021-09-20;null;null;null;null;null;null;null;null;null;
2021-09-21;null;null;null;null;null;null;null;null;null;
2021-09-22;null;null;null;null;null;null;null;null;null;
2021-09-23;null;null;null;null;null;null;null;null;null;
2021-09-24;null;null;null;null;null;null;null;null;null;
2021-09-25;null;null;null;null;null;null;null;null;null;
2021-09-26;null;null;null;null;null;null;null;null;null;
2021-09-27;null;null;null;null;null;null;null;null;null;
2021-09-28;null;null;null;null;null;null;null;null;null;
2021-09-29;null;null;null;null;null;null;null;null;null;
2021-09-30;null;null;null;null;null;null;null;null;null;
2021-10-01;null;null;null;null;null;null;null;null;null;
2021-10-02;null;null;null;null;null;null;null;null;null;
2021-10-03;null;null;null;null;null;null;null;null;null;
2021-10-04;null;null;null;null;null;null;null;null;null;
2021-10-05;null;null;null;null;null;null;null;null;null;
2021-10-06;null;9,3;0;null;null;null;75,3;51;null;
2021-10-07;null;8,5;0;null;null;21,2;79,5;57;null;
2021-10-08;null;9,8;0;null;null;20,8;75,8;53;null;
2021-10-09;null;9;0;null;null;21;77,3;52;null;
2021-10-10;null;10;0;null;null;21,2;76,3;53;null;
2021-10-11;null;8,5;0;null;null;20,7;74,5;51;null;
2021-10-12;null;4,3;0;null;null;23,2;85;64;null;
2021-10-13;null;10,7;0;null;null;21,9;75;53;null;
2021-10-14;null;8,2;0;null;null;22,4;81;61;null;
2021-10-15;null;5,4;0;null;null;22,3;81,8;59;null;
2021-10-16;null;8,2;0;null;null;22,3;74,3;53;null;
2021-10-17;null;9,8;0;null;null;21,5;77,5;65;null;
2021-10-18;null;8,7;0;null;null;21,2;79,3;61;null;
2021-10-19;null;8,1;0;null;null;21,8;77,5;52;null;
2021-10-20;null;5,5;0;null;null;22,4;81,8;69;null;
2021-10-21;null;2,9;0;null;null;22,7;89;80;null;
2021-10-22;null;1,8;0;null;null;null;91,3;85;null;
2021-10-23;null;2;4;null;null;22,9;87,3;75;null;
2021-10-24;null;5,8;5,9;null;null;23,2;79,3;56;null;
2021-10-25;null;1,8;0;null;null;22,3;84;74;null;
2021-10-26;null;7,9;0;null;null;22,9;77;60;null;
2021-10-27;null;8,1;0;null;null;23,5;70;53;null;
2021-10-28;null;1,9;0;null;null;21,5;89,3;76;null;
2021-10-29;null;6,2;4,5;null;null;21;84,5;73;null;
2021-10-30;null;7,8;0;null;null;20;79,8;63;null;
2021-10-31;null;8,3;0;null;null;21,3;77,8;58;null;
2021-11-01;null;8;0;null;null;21,1;78,3;64;null;
2021-11-02;null;6,7;0;null;null;22,7;76,8;58;null;
2021-11-03;null;,5;20;null;null;22,5;89,5;78;null;
2021-11-04;null;,9;5,5;null;null;22,8;93;89;null;
2021-11-05;null;3,7;48,8;null;null;21;82,3;75;null;
2021-11-06;null;,9;,9;null;null;22,6;95,8;79;null;
2021-11-07;null;2,7;51,2;null;null;21,5;87;75;null;
2021-11-08;null;2,1;,6;null;null;23,4;85,3;71;null;
2021-11-09;null;9,8;0;null;null;22,1;79;57;null;
2021-11-10;null;7,3;0;null;null;22,4;74,8;52;null;
2021-11-11;null;9,6;0;null;null;22;74,8;54;null;
2021-11-12;null;9;0;null;null;22,4;72,3;51;null;
2021-11-13;null;9,2;0;null;null;21,6;77,8;56;null;
2021-11-14;null;5,5;1;null;null;21,3;87;80;null;
2021-11-15;null;1,6;1,2;null;null;21,7;84,5;68;null;
2021-11-16;null;0;15,6;null;null;21;92;86;null;
2021-11-17;null;null;3;null;null;21,1;null;75;null;
2021-11-18;null;6,2;28,9;null;null;21,1;74,5;55;null;
2021-11-19;null;6,8;,7;null;null;21,9;80;65;null;
2021-11-20;null;10,6;0;null;null;21,6;74,8;58;null;
2021-11-21;null;9,3;0;null;null;22,2;74,5;56;null;
2021-11-22;null;8,4;0;null;null;22,3;74;58;null;
2021-11-23;null;5,9;0;null;null;22,6;75,5;57;null;
2021-11-24;null;5,3;0;null;null;23,2;78;59;null;
2021-11-25;null;0;1,4;null;null;22,8;91,5;86;null;
2021-11-26;null;,5;17,9;null;null;20,6;85,3;71;null;
2021-11-27;null;6,6;0;null;null;21;80,5;63;null;
2021-11-28;null;0;16,3;null;null;21,8;93;87;null;
2021-11-29;null;6,6;1,8;null;null;22,4;84,5;72;null;
2021-11-30;null;5,2;7,1;null;null;22;83,5;70;null;
2021-12-01;null;5,7;0;null;null;22,7;79,5;65;null;
2021-12-02;null;3,7;0;null;null;22,8;79,3;64;null;
2021-12-03;null;7,8;0;null;null;22,9;74,5;57;null;
2021-12-04;null;,4;0;null;null;23,1;86,8;70;null;
2021-12-05;null;,1;29,6;null;null;21,9;92;83;null;
2021-12-06;null;7,3;26,3;null;null;21,5;82,8;70;null;
2021-12-07;null;7,7;0;null;null;22,4;78,3;61;null;
2021-12-08;null;8,6;0;null;null;22,5;80,3;66;null;
2021-12-09;null;,2;0;null;null;23,9;81,8;68;null;
2021-12-10;null;6,3;0;null;null;22,9;77,5;60;null;
2021-12-11;null;5,1;0;null;null;23,1;79;65;null;
2021-12-12;null;10,3;0;null;null;22;74;51;null;
2021-12-13;null;8,3;0;null;null;22,1;74;56;null;
2021-12-14;null;6,8;0;null;null;22,8;80,8;66;null;
2021-12-15;null;6,3;0;null;null;22,9;80;70;null;
2021-12-16;null;7,7;0;null;null;22,2;78,8;64;null;
2021-12-17;null;5,1;0;null;null;22,4;81,5;65;null;
2021-12-18;null;3,5;0;null;null;null;78,8;65;null;
2021-12-19;null;4,5;0;null;null;22,4;77,8;64;null;
2021-12-20;null;3;0;null;null;22,6;83,3;70;null;
2021-12-21;null;,5;5,1;null;null;22,9;82,3;67;null;
2021-12-22;null;0;4,1;null;null;23,3;87,5;81;null;
2021-12-23;null;,9;0;null;null;23,1;89,3;84;null;
2021-12-24;null;0;16,6;null;null;22,5;91;85;null;
2021-12-25;null;0;21,2;null;null;22,3;92,5;91;null;
2021-12-26;null;,2;24,5;null;null;20,8;85,5;76;null;
2021-12-27;null;1;,5;null;null;21,6;83,8;73;null;
2021-12-28;null;3,8;1,2;null;null;22,3;81,8;66;null;
2021-12-29;null;6,5;0;null;null;21;80,5;64;null;
2021-12-30;null;7,4;0;null;null;20,6;78,3;56;null;
2021-12-31;null;7,5;0;null;null;21,7;75,8;54;null;
2022-01-01;null;null;null;null;null;null;null;87;null;
2022-01-02;null;null;null;null;null;null;null;null;null;
2022-01-03;null;null;null;null;null;null;null;null;null;
2022-01-04;null;null;null;null;null;null;null;null;null;
2022-01-05;null;null;null;null;null;null;null;null;null;
2022-01-06;null;null;null;null;null;null;null;null;null;
2022-01-07;null;null;null;null;null;null;null;null;null;
2022-01-08;null;null;null;null;null;null;null;null;null;
2022-01-09;null;null;null;null;null;null;null;null;null;
2022-01-10;null;null;null;null;null;null;null;null;null;
2022-01-11;null;null;null;null;null;null;null;null;null;
2022-01-12;null;null;null;null;null;null;null;null;null;
2022-01-13;null;null;null;null;null;null;null;null;null;
2022-01-14;null;null;null;null;null;null;null;null;null;
2022-01-15;null;null;null;null;null;null;null;null;null;
2022-01-16;null;null;null;null;null;null;null;null;null;
2022-01-17;null;null;null;null;null;null;null;null;null;
2022-01-18;null;null;null;null;null;null;null;null;null;
2022-01-19;null;null;null;null;null;null;null;null;null;
2022-01-20;null;null;null;null;null;null;null;null;null;
2022-01-21;null;null;null;null;null;null;null;null;null;
2022-01-22;null;null;null;null;null;null;null;null;null;
2022-01-23;null;null;null;null;null;null;null;null;null;
2022-01-24;null;null;null;null;null;null;null;null;null;
2022-01-25;null;null;null;null;null;null;null;null;null;
2022-01-26;null;null;null;null;null;null;null;null;null;
2022-01-27;null;null;null;null;null;null;null;null;null;
2022-01-28;null;null;null;null;null;null;null;null;null;
2022-01-29;null;null;null;null;null;null;null;null;null;
2022-01-30;null;null;null;null;null;null;null;null;null;
2022-01-31;null;null;null;null;null;null;null;null;null;
2022-02-01;null;9,7;0;null;null;22,7;77,3;57;null;
2022-02-02;null;8,6;0;null;null;22,5;75,8;54;null;
2022-02-03;null;5,9;0;null;null;22,4;80,3;65;null;
2022-02-04;null;4,4;0;null;null;22,6;81,8;70;null;
2022-02-05;null;1,5;1;null;null;22,5;76,5;61;null;
2022-02-06;null;7,6;0;null;null;22,5;76;53;null;
2022-02-07;null;7,8;0;null;null;22,8;74;45;null;
2022-02-08;null;7,1;0;null;null;23,4;74,8;50;null;
2022-02-09;null;5,6;0;null;null;23,1;81,5;76;null;
2022-02-10;null;4,2;0;null;null;22,9;79,8;64;null;
2022-02-11;null;6,7;0;null;null;23,6;70,3;52;null;
2022-02-12;null;3,6;0;null;null;23,4;77,3;60;null;
2022-02-13;null;3,4;0;null;null;24,3;86,5;76;null;
2022-02-14;null;7,3;1,5;null;null;22,7;73,8;56;null;
2022-02-15;null;9,4;0;null;null;22,5;73,8;53;null;
2022-02-16;null;10,6;0;null;null;22,1;70,5;49;null;
2022-02-17;null;9,2;0;null;null;22,6;72,5;50;null;
2022-02-18;null;5,8;0;null;null;22,8;74,8;55;null;
2022-02-19;null;9,8;0;null;null;22,9;72;48;null;
2022-02-20;null;5,4;0;null;null;22,5;79,5;67;null;
2022-02-21;null;4;0;null;null;23,2;82,3;70;null;
2022-02-22;null;6,5;2,6;null;null;22,4;74;62;null;
2022-02-23;null;6,5;0;null;null;21,7;73,5;52;null;
2022-02-24;null;4,9;0;null;null;22,2;76,5;59;null;
2022-02-25;null;10;0;null;null;23,3;71,3;46;null;
2022-02-26;null;1,4;0;null;null;22,4;81,3;59;null;
2022-02-27;null;6,8;6,9;null;null;22,1;76,8;52;null;
2022-02-28;null;6,1;0;null;null;20,4;71,3;46;null;
2022-03-01;null;4,9;0;null;null;21,2;75,3;55;null;
2022-03-02;null;5,1;0;null;null;22,3;74;52;null;
2022-03-03;null;3,4;1,1;null;null;23,4;93,8;86;null;
2022-03-04;null;0;14,1;null;null;22,2;93;90;null;
2022-03-05;null;1,6;12,1;null;null;22,2;93,8;91;null;
2022-03-06;null;7,7;10,9;null;null;22,4;83,5;66;null;
2022-03-07;null;7,8;0;null;null;21,9;81,5;60;null;
2022-03-08;null;7,9;0;null;null;21,6;81,5;63;null;
2022-03-09;null;6,7;0;null;null;22,2;82,5;70;null;
2022-03-10;null;3,6;7,6;null;null;22,9;92,5;85;null;
2022-03-11;null;3,2;15;null;null;21,7;90,3;76;null;
2022-03-12;null;8;,4;null;null;21,6;84,5;70;null;
2022-03-13;null;9,2;0;null;null;22,8;81,5;61;null;
2022-03-14;null;7,6;0;null;null;22,9;77;58;null;
2022-03-15;null;7;0;null;null;23,3;92,5;83;null;
2022-03-16;null;4;5,4;null;null;23,5;87,8;75;null;
2022-03-17;null;5,7;14,1;null;null;22,4;86,5;68;null;
2022-03-18;null;3,3;0;null;null;22,4;87,8;81;null;
2022-03-19;null;8,6;1;null;null;20,8;83,3;68;null;
2022-03-20;null;8,6;0;null;null;21,9;79,3;60;null;
2022-03-21;null;8,2;0;null;null;22,1;83,8;73;null;
2022-03-22;null;8,5;0;null;null;22,4;81,5;66;null;
2022-03-23;null;4,3;4,9;null;null;22,9;86,5;70;null;
2022-03-24;null;8,3;,9;null;null;21,8;80,3;63;null;
2022-03-25;null;5,9;0;null;null;21,4;82,3;63;null;
2022-03-26;null;7,3;0;null;null;22;81;65;null;
2022-03-27;null;4,7;0;null;null;22,1;81,5;63;null;
2022-03-28;null;5,8;0;null;null;22,3;78,3;61;null;
2022-03-29;null;6,6;0;null;null;21,3;84,8;70;null;
2022-03-30;null;7,4;0;null;null;22,5;80,8;58;null;
2022-03-31;null;8,5;0;null;null;21,9;77,8;54;null;
2022-04-01;null;6,4;0;null;null;21,8;80,8;56;null;
2022-04-02;null;7,5;0;null;null;22,4;80,3;69;null;
2022-04-03;null;5,7;0;null;null;21,4;81,5;65;null;
2022-04-04;null;3,2;,9;null;null;21,7;89,3;84;null;
2022-04-05;null;7,7;2,7;null;null;22;81,3;65;null;
2022-04-06;null;10,2;0;null;null;21,4;76,5;60;null;
2022-04-07;null;10,2;0;null;null;20,7;68,5;46;null;
2022-04-08;null;9;0;null;null;22;72;50;null;
2022-04-09;null;8,7;0;null;null;20,6;73;49;null;
2022-04-10;null;9,7;0;null;null;22;74,8;48;null;
2022-04-11;null;9,6;0;null;null;21,8;73,8;50;null;
2022-04-12;null;9,1;0;null;null;20,6;70;52;null;
2022-04-13;null;9,4;0;null;null;21,2;71,3;48;null;
2022-04-14;null;9,9;0;null;null;22,9;73;50;null;
2022-04-15;null;9,6;0;null;null;23,5;72;52;null;
2022-04-16;null;1,2;59,2;null;null;21,9;92;80;null;
2022-04-17;null;0;,7;null;null;22,9;95,8;94;null;
2022-04-18;null;0;44,6;null;null;20,8;95,8;93;null;
2022-04-19;null;2,2;10;null;null;20,2;94;85;null;
2022-04-20;null;0;10,4;null;null;20,2;97,5;97;null;
2022-04-21;null;5,5;7,5;null;null;21,9;89;72;null;
2022-04-22;null;2,7;0;null;null;22,5;87,3;74;null;
2022-04-23;null;6,3;2,2;null;null;21,9;84;63;null;
2022-04-24;null;7;0;null;null;22,4;82,8;59;null;
2022-04-25;null;7,1;0;null;null;21,8;78,8;56;null;
2022-04-26;null;4,6;,3;null;null;20,6;81,3;60;null;
2022-04-27;null;3,9;6,2;null;null;21,2;86,5;73;null;
2022-04-28;null;0;1,9;null;null;21;88,5;72;null;
2022-04-29;null;6,9;,5;null;null;21,4;78,3;61;null;
2022-04-30;null;2,5;0;null;null;20,6;82,3;67;null;
2022-05-01;null;6,9;4,6;null;null;20,6;81,5;59;null;
2022-05-02;null;5,5;0;null;null;20,8;84,5;64;null;
2022-05-03;null;2,8;0;null;null;21,6;87,5;74;null;
2022-05-04;null;4;,7;null;null;22,4;84,5;63;null;
2022-05-05;null;7,1;2,5;null;null;22,4;76,5;56;null;
2022-05-06;null;8,1;0;null;null;22;78,5;58;null;
2022-05-07;null;7,5;0;null;null;20,5;76,5;55;null;
2022-05-08;null;7,9;0;null;null;21;80,8;54;null;
2022-05-09;null;6,2;0;null;null;21;87,5;77;null;
2022-05-10;null;4,3;2;null;null;20,6;83,5;67;null;
2022-05-11;null;4,7;0;null;null;20,9;85;65;null;
2022-05-12;null;5,1;0;null;null;19,5;82,3;62;null;
2022-05-13;null;8,2;0;null;null;20,2;77,8;56;null;
2022-05-14;null;6,8;0;null;null;20,4;83,3;55;null;
2022-05-15;null;7,3;0;null;null;20,6;81;57;null;
2022-05-16;null;2;0;null;null;22,2;84,8;65;null;
2022-05-17;null;6,9;0;null;null;22,6;73;55;null;
2022-05-18;null;7,9;0;null;null;22,7;76;50;null;
2022-05-19;null;1,5;,4;null;null;22,7;91;83;null;
2022-05-20;null;,6;29,4;null;null;20,2;85,5;75;null;
2022-05-21;null;,2;,8;null;null;20,2;87,5;77;null;
2022-05-22;null;3,1;0;null;null;19,4;90;75;null;
2022-05-23;null;1,5;0;null;null;19,4;92;82;null;
2022-05-24;null;5,1;4,9;null;null;19,4;87,5;68;null;
2022-05-25;null;,3;5;null;null;20,8;96;92;null;
2022-05-26;null;3,8;10,6;null;null;20;90,5;84;null;
2022-05-27;null;3;0;null;null;19,3;92,8;85;null;
2022-05-28;null;3,5;0;null;null;20,6;91,3;80;null;
2022-05-29;null;6,7;0;null;null;20,7;85,8;74;null;
2022-05-30;null;3,2;,3;null;null;20,8;91;82;null;
2022-05-31;null;5,7;2,8;30,2;25,2;21,7;80,3;73;3,1;
2022-06-01;null;3,9;0;null;null;20;89,5;77;null;
2022-06-02;null;1;,5;null;null;21,3;91,8;87;null;
2022-06-03;null;6,9;,6;null;null;21,5;88,5;82;null;
2022-06-04;null;4,7;,6;null;null;20,5;92,5;85;null;
2022-06-05;null;0;20,9;null;null;20,1;92;85;null;
2022-06-06;null;5,8;,4;null;null;18;88,8;74;null;
2022-06-07;null;4,9;0;null;null;19,2;84,3;62;null;
2022-06-08;null;9;0;null;null;18;79,5;61;null;
2022-06-09;null;5,9;0;null;null;20;83,8;57;null;
2022-06-10;null;4,9;0;null;null;21,4;84;62;null;
2022-06-11;null;7,1;0;null;null;20,3;81,5;63;null;
2022-06-12;null;5,2;0;null;null;21,2;82,8;64;null;
2022-06-13;null;7;0;null;null;21,4;82,8;60;null;
2022-06-14;null;6,8;0;null;null;20,6;84;63;null;
2022-06-15;null;,1;1,5;null;null;19,1;91,8;88;null;
2022-06-16;null;2,9;1,2;null;null;18,1;92,3;88;null;
2022-06-17;null;6,6;0;null;null;17,1;87;79;null;
2022-06-18;null;8,3;0;null;null;18,1;79;61;null;
2022-06-19;null;5,6;0;null;null;18,7;82;60;null;
2022-06-20;null;3,8;0;null;null;20,1;88,8;71;null;
2022-06-21;null;1,9;4;null;null;20;92,3;78;null;
2022-06-22;null;5,5;3,2;null;null;19,8;88,8;68;null;
2022-06-23;null;1,8;,3;null;null;20,6;91,3;85;null;
2022-06-24;null;6,4;,9;null;null;20,2;88,8;80;null;
2022-06-25;null;4,5;5,8;null;null;19,6;87;66;null;
2022-06-26;null;5,2;0;null;null;19,4;79,3;57;null;
2022-06-27;null;3,6;0;null;null;19,6;92;85;null;
2022-06-28;null;3,4;,4;null;null;17,6;87,3;74;null;
2022-06-29;null;6,9;0;null;null;16,3;82,8;61;null;
2022-06-30;null;3,1;0;null;null;15,9;84,5;67;null;
2022-07-01;null;3,9;0;null;null;19,6;83,3;65;null;
2022-07-02;null;,1;,4;null;null;19,5;91;85;null;
2022-07-03;null;5,9;1,1;null;null;18,8;87;66;null;
2022-07-04;null;7,6;,5;null;null;18,8;75,8;55;null;
2022-07-05;null;4,7;,8;null;null;19,6;85,8;76;null;
2022-07-06;null;3,7;1;null;null;19,5;80,5;71;null;
2022-07-07;null;3;,5;null;null;19,4;77,5;58;null;
2022-07-08;null;0;,5;null;null;18,4;89,5;83;null;
2022-07-09;null;6,2;2,2;null;null;16,7;83;75;null;
2022-07-10;null;6;0;null;null;18,1;76,8;58;null;
2022-07-11;null;4,1;,4;null;null;18,9;84;71;null;
2022-07-12;null;,5;1,2;null;null;20,5;94;91;null;
2022-07-13;null;5,2;14,2;null;null;19,8;82,5;61;null;
2022-07-14;null;2,8;,9;null;null;18,6;84,3;66;null;
2022-07-15;null;7;0;null;null;17;81;57;null;
2022-07-16;null;8,6;0;null;null;19,3;76,5;57;null;
2022-07-17;null;3,5;,5;null;null;18,5;80;65;null;
2022-07-18;null;2;1,7;null;null;18,5;92,3;82;null;
2022-07-19;null;6,6;9,4;null;null;18,8;81;65;null;
2022-07-20;null;1,8;0;null;null;18,8;86,8;75;null;
2022-07-21;null;4,7;3,2;null;null;18,2;87,5;68;null;
2022-07-22;null;3,6;4,5;null;null;18,9;87;70;null;
2022-07-23;null;5,2;3,3;null;null;18;86,8;62;null;
2022-07-24;null;7,7;,6;null;null;19,8;78,3;59;null;
2022-07-25;null;3,6;0;null;null;17,6;91,3;85;null;
2022-07-26;null;1,2;4,5;null;null;18,3;94,8;90;null;
2022-07-27;null;5,5;1;null;null;17,9;85,8;78;null;
2022-07-28;null;3,4;1,5;null;null;18,4;84,5;68;null;
2022-07-29;null;3,7;0;null;null;18,5;80,8;58;null;
2022-07-30;null;3,4;0;null;null;19,4;82,8;66;null;
2022-07-31;null;8,6;0;null;null;20,9;78,8;55;null;
2022-08-01;null;6;0;null;null;18,8;84,3;76;null;
2022-08-02;null;7,9;0;null;null;18,3;76;57;null;
2022-08-03;null;2,5;0;null;null;19,4;85;79;null;
2022-08-04;null;2,6;0;null;null;18,6;85,8;74;null;
2022-08-05;null;2;2,5;null;null;19,1;82,8;75;null;
2022-08-06;null;7,7;0;null;null;17,8;91,5;82;null;
2022-08-07;null;4;5,8;null;null;19,9;86;83;null;
2022-08-08;null;8,6;0;null;null;18,1;68;49;null;
2022-08-09;null;9,5;0;null;null;17,2;73;46;null;
2022-08-10;null;6,8;0;null;null;17,3;77,5;50;null;
2022-08-11;null;9,4;0;null;null;18,5;56,3;50;null;
2022-08-12;null;8;0;null;null;20,7;76,5;50;null;
2022-08-13;null;,3;2;null;null;20,2;96,5;89;null;
2022-08-14;null;0;17,9;null;null;19,2;94;90;null;
2022-08-15;null;,9;0;null;null;18,6;87,8;80;null;
2022-08-16;null;,7;1,5;null;null;18,6;89,3;84;null;
2022-08-17;null;8,8;2,8;null;null;18,2;75;56;null;
2022-08-18;null;4,9;,7;null;null;18,4;79,8;63;null;
2022-08-19;null;2,2;,6;null;null;18,7;88,5;69;null;
2022-08-20;null;3,6;1,2;null;null;18,3;93,5;85;null;
2022-08-21;null;0;18,2;null;null;18,4;96,3;95;null;
2022-08-22;null;5;10,2;null;null;17;88,5;74;null;
2022-08-23;null;4,2;,8;null;null;18,4;86,8;71;null;
2022-08-24;null;2,3;0;null;null;18,2;86;66;null;
2022-08-25;null;9,1;0;null;null;16,7;76,8;58;null;
2022-08-26;null;2,6;0;null;null;17,2;88,8;80;null;
2022-08-27;null;8,2;,5;null;null;16,7;85;77;null;
2022-08-28;null;4,1;0;null;null;18,7;80,3;63;null;
2022-08-29;null;9,5;0;null;null;17,7;75,5;53;null;
2022-08-30;null;3,7;0;null;null;18,6;86;76;null;
2022-08-31;null;0;5,6;null;null;16,3;94,8;91;null;
2022-09-01;null;,3;2,8;null;null;16,7;92,5;86;null;
2022-09-02;null;1,2;7,7;null;null;18,7;94,8;91;null;
2022-09-03;null;,5;9,8;null;null;18,9;91,8;81;null;
2022-09-04;null;8,9;3,4;null;null;18,2;79;60;null;
2022-09-05;null;4,9;0;null;null;18,3;78;62;null;
2022-09-06;null;9,9;0;null;null;17,2;78,5;62;null;
2022-09-07;null;5,6;0;null;null;18,1;84;67;null;
2022-09-08;null;,4;3,1;null;null;18,5;92;81;null;
2022-09-09;null;4,4;11,5;null;null;18,5;87,3;71;null;
2022-09-10;null;8;,5;null;null;17,6;84,8;75;null;
2022-09-11;null;9,2;0;null;null;18,4;82,8;72;null;
2022-09-12;null;3,1;0;null;null;18,8;81,3;66;null;
2022-09-13;null;4,6;,2;null;null;18,4;85,8;79;null;
2022-09-14;null;6,5;,3;null;null;17,7;78,8;57;null;
2022-09-15;null;7,6;0;null;null;21;74;52;null;
2022-09-16;null;9;0;null;null;19,2;73,8;55;null;
2022-09-17;null;7,7;0;null;null;19,5;75;50;null;
2022-09-18;null;5,3;0;null;null;18,9;82;72;null;
2022-09-19;null;0;,9;null;null;19,4;94,8;90;null;
2022-09-20;null;5,7;11,6;null;null;19,9;78,5;57;null;
2022-09-21;null;10,4;0;null;null;19,3;74,3;52;null;
2022-09-22;null;10,3;0;null;null;19,1;71;46;null;
2022-09-23;null;8;0;null;null;22,1;77,5;54;null;
2022-09-24;null;,6;0;null;null;22,9;82,3;69;null;
2022-09-25;null;9,4;0;null;null;20,5;71,5;50;null;
2022-09-26;null;9,4;0;null;null;19,9;70;46;null;
2022-09-27;null;9,8;0;null;null;18,4;72,5;52;null;
2022-09-28;null;9;0;null;null;19,3;73;51;null;
2022-09-29;null;9,5;0;null;null;20,2;71,3;45;null;
2022-09-30;null;10,9;0;null;null;18,7;69,8;50;null;
2022-10-01;null;7,5;0;null;null;19,2;73;56;null;
2022-10-02;null;null;0;null;null;19;null;48;null;
2022-10-03;null;10,2;0;null;null;19;67,8;45;null;
2022-10-04;null;11;0;null;null;18,9;72,8;46;null;
2022-10-05;null;9;0;null;null;21,9;72,8;47;null;
2022-10-06;null;6,9;,9;null;null;21,4;75,8;46;null;
2022-10-07;null;8,1;0;null;null;21,6;71;42;null;
2022-10-08;null;10,4;0;null;null;21,5;71,3;46;null;
2022-10-09;null;7,8;0;null;null;20,7;74,3;50;null;
2022-10-10;null;5,9;1,9;null;null;22,1;82,8;61;null;
2022-10-11;null;4,6;2,6;null;null;20,8;81;57;null;
2022-10-12;null;4,4;1;null;null;20,1;77,8;52;null;
2022-10-13;null;1,8;2;null;null;20,1;82,8;67;null;
2022-10-14;null;10,6;,5;null;null;20,1;70,3;49;null;
2022-10-15;null;9,7;0;null;null;19,3;71;48;null;
2022-10-16;null;10,9;0;null;null;19,6;69,5;50;null;
2022-10-17;null;9,5;0;null;null;19,4;74,8;44;null;
2022-10-18;null;9,4;0;null;null;20,6;70;41;null;
2022-10-19;null;5,3;2,2;null;null;20,5;80,5;59;null;
2022-10-20;null;9,5;,5;null;null;19,5;68,8;50;null;
2022-10-21;null;10,3;0;null;null;19,4;73;51;null;
2022-10-22;null;10,1;0;null;null;20,3;71;47;null;
2022-10-23;null;8;0;null;null;22,1;72,3;51;null;
2022-10-24;null;6,7;1,9;null;null;22,4;74;50;null;
2022-10-25;null;,8;,1;null;null;22,3;89,3;76;null;
2022-10-26;null;0;1,4;null;null;21;95,8;94;null;
2022-10-27;null;1;3,9;null;null;20,6;88,3;85;null;
2022-10-28;null;2,3;0;null;null;21,7;84,5;80;null;
2022-10-29;null;3,4;0;null;null;21,9;72,3;53;null;
2022-10-30;null;2,9;0;null;null;21,3;70,3;50;null;
2022-10-31;null;9,9;0;null;null;21,5;71,8;47;null;
2022-11-01;null;5,5;0;null;null;22,3;72,5;46;null;
2022-11-02;null;2,3;0;null;null;23,2;75;50;null;
2022-11-03;null;4,6;2,9;null;null;23,1;85;65;null;
2022-11-04;null;0;7,9;null;null;20;96,5;94;null;
2022-11-05;null;0;16;null;null;18,2;95,3;94;null;
2022-11-06;null;0;1,7;null;null;19,4;89,3;80;null;
2022-11-07;null;7,5;0;null;null;20;77,5;63;null;
2022-11-08;null;,5;0;null;null;20,9;83,5;65;null;
2022-11-09;null;9,5;14,8;null;null;20,2;77,3;54;null;
2022-11-10;null;10,8;0;null;null;22;72;52;null;
2022-11-11;null;3,8;,2;null;null;22,1;86;70;null;
2022-11-12;null;6,4;14,9;null;null;22,2;83;60;null;
2022-11-13;null;9,1;0;null;null;21,3;76,8;55;null;
2022-11-14;null;8,6;0;null;null;21,8;76;57;null;
2022-11-15;null;5,4;0;null;null;22,7;72,8;50;null;
2022-11-16;null;6,9;0;null;null;21,9;76;50;null;
2022-11-17;null;7,9;0;null;null;21,9;75,8;58;null;
2022-11-18;null;6,8;0;null;null;21,8;78,3;59;null;
2022-11-19;null;2,8;0;null;null;21,9;82;67;null;
2022-11-20;null;6,3;,2;null;null;22,2;75,5;57;null;
2022-11-21;null;8,7;0;null;null;21,8;74,8;56;null;
2022-11-22;null;7,8;,3;null;null;21,8;78,5;66;null;
2022-11-23;null;10;0;null;null;21,4;72,8;50;null;
2022-11-24;null;8,7;0;null;null;20,8;74,5;52;null;
2022-11-25;null;3,5;0;null;null;22,6;76,5;51;null;
2022-11-26;null;1,1;12,8;null;null;21,7;87,5;77;null;
2022-11-27;null;1;26,1;null;null;22,2;88;75;null;
2022-11-28;null;,9;13,1;null;null;21,9;90,5;80;null;
2022-11-29;null;null;15,8;null;null;21,7;null;63;null;
2022-11-30;null;2,4;9,7;null;null;20,9;78,5;66;null;
2022-12-01;null;1,5;,9;null;null;22,2;86,8;74;null;
2022-12-02;null;5,2;5,6;null;null;21,4;79,5;71;null;
2022-12-03;null;2,5;,6;null;null;21,8;91;81;null;
2022-12-04;null;6,4;6,3;null;null;21;86,3;80;null;
2022-12-05;null;,8;0;null;null;20,7;90,3;85;null;
2022-12-06;null;6,5;5;null;null;21,4;82;71;null;
2022-12-07;null;6,3;2;null;null;21,5;81,8;66;null;
2022-12-08;null;9,1;1,2;null;null;21,9;79,8;67;null;
2022-12-09;null;6,5;0;null;null;21,8;80;63;null;
2022-12-10;null;9,6;0;null;null;21,9;79;60;null;
2022-12-11;null;10;0;null;null;22,2;78;56;null;
2022-12-12;null;10;0;null;null;21,6;76,3;59;null;
2022-12-13;null;11,3;0;null;null;21;72,3;54;null;
2022-12-14;null;6,8;0;null;null;21,8;72,3;54;null;
2022-12-15;null;1,6;0;null;null;22,8;85,5;75;null;
2022-12-16;null;8,4;0;null;null;22,6;72,5;54;null;
2022-12-17;null;7,4;0;null;null;21,5;78;57;null;
2022-12-18;null;10,9;0;null;null;22,6;73,3;61;null;
2022-12-19;null;9,9;0;null;null;21;69,8;50;null;
2022-12-20;null;6,2;0;null;null;21;72,3;50;null;
2022-12-21;null;11,3;0;null;null;21,5;69,5;51;null;
2022-12-22;null;9,3;0;null;null;21,5;68,3;54;null;
2022-12-23;null;5,5;6,5;null;null;22,1;83,8;74;null;
2022-12-24;null;0;0;null;null;22,9;87,5;80;null;
2022-12-25;null;3,6;10;null;null;22,6;81;70;null;
2022-12-26;null;3,6;,3;null;null;21,9;79;71;null;
2022-12-27;null;6,7;3,8;null;null;21,8;79;61;null;
2022-12-28;null;8,5;0;null;null;21,5;82,5;76;null;
2022-12-29;null;9,9;,6;null;null;22,1;79,3;70;null;
2022-12-30;null;10,6;0;null;null;21,4;76,5;67;null;
2022-12-31;null;9,8;0;null;null;21;73;65;null;
2023-01-01;null;4,2;0;null;null;22,1;85,3;72;null;
2023-01-02;null;3,7;5,4;null;null;21,7;91,3;79;null;
2023-01-03;null;,3;10;null;null;22,1;92,3;85;null;
2023-01-04;null;null;2;null;null;21,9;null;66;null;
2023-01-05;null;8;0;null;null;22,3;76,3;60;null;
2023-01-06;null;8,4;0;null;null;22,2;73;54;null;
2023-01-07;null;7,4;0;null;null;22,3;73,3;50;null;
2023-01-08;null;9,8;0;null;null;22,1;73;57;null;
2023-01-09;null;7,2;0;null;null;22;72,3;50;null;
2023-01-10;null;9,2;0;null;null;22,5;70,3;51;null;
2023-01-11;null;8,4;0;null;null;22,3;75,8;62;null;
2023-01-12;null;8,1;0;null;null;21,6;78;66;null;
2023-01-13;null;9,8;,2;null;null;22,8;74;53;null;
2023-01-14;null;7,2;0;null;null;22,8;74,3;50;null;
2023-01-15;null;7,6;1,5;null;null;21,2;78,8;58;null;
2023-01-16;null;6,9;0;null;null;20,3;79,8;58;null;
2023-01-17;null;7,7;,2;null;null;21,4;76,3;59;null;
2023-01-18;null;5,1;0;null;null;22,2;80,3;62;null;
2023-01-19;null;6,2;0;null;null;22,4;76,5;65;null;
2023-01-20;null;8,5;2,6;null;null;22,2;70,5;51;null;
2023-01-21;null;8;0;null;null;22;73,3;50;null;
2023-01-22;null;9,3;0;null;null;22,1;69,3;48;null;
2023-01-23;null;10,1;0;null;null;22,4;69,5;49;null;
2023-01-24;null;10,5;0;null;null;22,4;67;49;null;
2023-01-25;null;10,2;0;null;null;22,4;67,5;50;null;
2023-01-26;null;10;0;null;null;21,2;70,5;44;null;
2023-01-27;null;7,5;0;null;null;23,5;72;47;null;
2023-01-28;null;10,7;0;null;null;23,1;72;48;null;
2023-01-29;null;5,3;0;null;null;23,3;69,3;50;null;
2023-01-30;null;8;0;null;null;20,8;72,5;50;null;
2023-01-31;null;3,9;0;null;null;22;78,5;68;null;
2023-02-01;null;null;,2;null;null;21,6;null;76;null;
2023-02-02;null;null;null;null;null;null;null;null;null;
2023-02-03;null;null;null;null;null;null;null;null;null;
2023-02-04;null;null;null;null;null;null;null;null;null;
2023-02-05;null;null;null;null;null;null;null;null;null;
2023-02-06;null;null;null;null;null;null;null;null;null;
2023-02-07;null;null;null;null;null;null;null;null;null;
2023-02-08;null;null;null;null;null;null;null;null;null;
2023-02-09;null;null;null;null;null;null;null;null;null;
2023-02-10;null;null;null;null;null;null;null;null;null;
2023-02-11;null;null;null;null;null;null;null;null;null;
2023-02-12;null;null;null;null;null;null;null;null;null;
2023-02-13;null;null;null;null;null;null;null;null;null;
2023-02-14;null;null;null;null;null;null;null;null;null;
2023-02-15;null;null;null;null;null;null;null;null;null;
2023-02-16;null;null;null;null;null;null;null;null;null;
2023-02-17;null;null;null;null;null;null;null;null;null;
2023-02-18;null;null;null;null;null;null;null;null;null;
2023-02-19;null;null;null;null;null;null;null;null;null;
2023-02-20;null;null;null;null;null;null;null;null;null;
2023-02-21;null;null;null;null;null;null;null;null;null;
2023-02-22;null;null;null;null;null;null;null;null;null;
2023-02-23;null;null;null;null;null;null;null;null;null;
2023-02-24;null;null;null;null;null;null;null;null;null;
2023-02-25;null;null;null;null;null;null;null;null;null;
2023-02-26;null;null;null;null;null;null;null;null;null;
2023-02-27;null;null;null;null;null;null;null;null;null;
2023-02-28;null;null;null;null;null;null;null;null;null;
2023-03-01;null;6,4;0;null;null;20,2;74;58;null;
2023-03-02;null;7,5;0;null;null;22,5;81;74;null;
2023-03-03;null;7,7;3,5;null;null;22,3;74,8;53;null;
2023-03-04;null;9;0;null;null;22,3;68;51;null;
2023-03-05;null;9,4;0;null;null;22,2;74;50;null;
2023-03-06;null;9,7;0;null;null;23,1;70,5;48;null;
2023-03-07;null;9,7;0;null;null;22,8;68;46;null;
2023-03-08;null;8,4;0;null;null;22;65,8;37;null;
2023-03-09;null;9,8;0;null;null;21,2;68;39;null;
2023-03-10;null;8,7;0;null;null;21,8;68,5;41;null;
2023-03-11;null;9,7;,3;null;null;22,5;70,5;46;null;
2023-03-12;null;2,9;0;null;null;22,6;72,8;56;null;
2023-03-13;null;6;,3;null;null;22,5;92,8;83;null;
2023-03-14;null;6,4;9,9;null;null;22,1;82,5;80;null;
2023-03-15;null;7,4;0;null;null;20,8;82,3;73;null;
2023-03-16;null;10,2;1,6;null;null;20,7;78,3;56;null;
2023-03-17;null;5;0;null;null;21,6;82,8;60;null;
2023-03-18;null;1,6;15,5;null;null;21,1;84,5;66;null;
2023-03-19;null;6,4;0;null;null;22,2;89;81;null;
2023-03-20;null;5,2;10;null;null;22,2;94,5;93;null;
2023-03-21;null;1,1;13,8;null;null;22,6;96,5;93;null;
2023-03-22;null;,3;9,7;null;null;21,2;96;90;null;
2023-03-23;null;7,5;,2;null;null;21,4;88,8;82;null;
2023-03-24;null;4,9;4;null;null;21,3;94,3;88;null;
2023-03-25;null;3,8;3,8;null;null;22,7;89;75;null;
2023-03-26;null;2,9;2,9;null;null;22,9;93;90;null;
2023-03-27;null;7;2,1;null;null;22,6;80;65;null;
2023-03-28;null;4,9;0;null;null;20,6;91,5;85;null;
2023-03-29;null;6,6;6,2;null;null;21,4;90,3;85;null;
2023-03-30;null;7,6;,4;null;null;21,9;85,3;80;null;
2023-03-31;null;6,7;1,5;null;null;21,6;87,5;78;null;
2023-04-01;null;9,8;4,5;null;null;20,6;80,8;63;null;
2023-04-02;null;9,6;0;null;null;21,9;81,8;59;null;
2023-04-03;null;9,5;0;null;null;22,2;79,8;58;null;
2023-04-04;null;8;0;null;null;21,5;78,3;52;null;
2023-04-05;null;4,7;,2;null;null;22,4;84,3;75;null;
2023-04-06;null;2;0;null;null;22,1;84;73;null;
2023-04-07;null;4,5;4,1;null;null;22;80,3;61;null;
2023-04-08;null;4,3;2,4;null;null;21,9;87,3;82;null;
2023-04-09;null;4,6;0;null;null;21,8;82,3;65;null;
2023-04-10;null;8,5;0;null;null;23,1;79,5;58;null;
2023-04-11;null;9,2;0;null;null;21,7;75,3;59;null;
2023-04-12;null;7,3;2,4;null;null;21,4;83,8;65;null;
2023-04-13;null;7,4;4;null;null;20,3;83,8;62;null;
2023-04-14;null;8,2;7,3;null;null;21,9;75;51;null;
2023-04-15;null;8,9;0;null;null;21;79,3;50;null;
2023-04-16;null;9,3;0;null;null;21,9;72;45;null;
2023-04-17;null;9;0;null;null;21,3;76,8;56;null;
2023-04-18;null;5,8;0;null;null;22,9;77,3;55;null;
2023-04-19;null;9,5;0;null;null;23,3;72,3;43;null;
2023-04-20;null;8,2;0;null;null;24,3;75;49;null;
2023-04-21;null;9,5;,3;null;null;23,4;76,8;55;null;
2023-04-22;null;2,9;0;null;null;22,5;90,8;80;null;
2023-04-23;null;4,6;10,9;null;null;21,6;89;87;null;
2023-04-24;null;5,2;1,4;null;null;21,9;88,8;78;null;
2023-04-25;null;5,1;,9;null;null;21,4;83,5;70;null;
2023-04-26;null;5,9;0;null;null;21,3;83;68;null;
2023-04-27;null;3,7;5,3;null;null;22,4;85,5;68;null;
2023-04-28;null;4,1;,9;null;null;22;79,8;64;null;
2023-04-29;null;8,5;0;null;null;23,1;80,8;60;null;
2023-04-30;null;3,6;10;null;null;22,9;87;75;null;
2023-05-01;null;null;1,1;null;null;21,5;null;66;null;
2023-05-02;null;2,7;11,9;null;null;22,8;90,3;82;null;
2023-05-03;null;3,9;1,8;null;null;21,9;90,8;80;null;
2023-05-04;null;4,6;2,2;null;null;21,3;87,3;69;null;
2023-05-05;null;7,3;0;null;null;22,2;86,3;72;null;
2023-05-06;null;8,4;0;null;null;22,2;84,5;70;null;
2023-05-07;null;2,3;0;null;null;22;93,8;90;null;
2023-05-08;null;7,6;1,3;null;null;22;85,5;75;null;
2023-05-09;null;5,4;1,4;null;null;22,3;85,3;73;null;
2023-05-10;null;6;0;null;null;22,3;83,3;70;null;
2023-05-11;null;6;2,5;null;null;22,4;85,5;59;null;
2023-05-12;null;5,9;0;null;null;21,9;84;61;null;
2023-05-13;null;5,2;1,7;null;null;23,5;82,3;59;null;
2023-05-14;null;6,6;0;null;null;23;84,8;74;null;
2023-05-15;null;5,3;0;null;null;22,4;79,3;57;null;
2023-05-16;null;7,2;0;null;null;21,8;75,3;53;null;
2023-05-17;null;3,9;0;null;null;21,9;79,5;60;null;
2023-05-18;null;1,5;0;null;null;22,2;87,8;80;null;
2023-05-19;null;,5;2;null;null;20,9;87,3;81;null;
2023-05-20;null;2,8;0;null;null;20,5;86;80;null;
2023-05-21;null;1,1;0;null;null;20,8;91,3;79;null;
2023-05-22;null;3,8;1;null;null;20,2;83;70;null;
2023-05-23;null;0;4,5;null;null;21,1;98;91;null;
2023-05-24;null;,6;8,4;null;null;21,1;93,3;79;null;
2023-05-25;null;3,2;8,3;null;null;20,9;93;79;null;
2023-05-26;null;4,4;7,7;null;null;21,1;90;79;null;
2023-05-27;null;,1;2,2;null;null;21,2;96;91;null;
2023-05-28;null;2,9;2,2;null;null;21,2;94,8;88;null;
2023-05-29;null;6,8;7,8;null;null;21,1;84,3;64;null;
2023-05-30;null;7,9;0;null;null;20,5;80,8;62;null;
2023-05-31;null;4;0;null;null;20,4;86,8;70;null;
2023-06-01;null;5,7;0;null;null;20,1;87,3;75;null;
2023-06-02;null;4,7;0;null;null;21,5;90,3;84;null;
2023-06-03;null;0;2,8;null;null;21,2;96,8;94;null;
2023-06-04;null;5,1;3,2;null;null;20,3;91,3;80;null;
2023-06-05;null;,6;2,4;null;null;20,4;95;91;null;
2023-06-06;null;3,8;5,7;null;null;20,6;93,8;85;null;
2023-06-07;null;1,3;4,4;null;null;20,6;95,3;91;null;
2023-06-08;null;,6;6,7;null;null;20,9;93,5;82;null;
2023-06-09;null;4,1;6,7;null;null;21,3;92,3;85;null;
2023-06-10;null;,6;0;null;null;18,6;95,8;95;null;
2023-06-11;null;5;,8;null;null;20,5;88,5;75;null;
2023-06-12;null;6,4;0;null;null;20,2;83,3;61;null;
2023-06-13;null;3,5;0;null;null;21;85,8;68;null;
2023-06-14;null;1,7;1,3;null;null;20,3;92,3;85;null;
2023-06-15;null;5,8;1,2;null;null;20,4;87,3;66;null;
2023-06-16;null;5,9;0;null;null;20,8;86,3;66;null;
2023-06-17;null;2,3;1,3;null;null;20,8;94,5;89;null;
2023-06-18;null;6,8;,8;null;null;20,6;91,5;80;null;
2023-06-19;null;2,4;0;null;null;21;93,3;87;null;
2023-06-20;null;,2;10;null;null;19,6;93,8;82;null;
2023-06-21;null;0;12,7;null;null;19,7;95,3;92;null;
2023-06-22;null;2,7;2,9;null;null;19;89,3;75;null;
2023-06-23;null;1,3;,5;null;null;17,4;90,8;75;null;
2023-06-24;null;3,6;,5;null;null;17,8;84,8;61;null;
2023-06-25;null;7,8;0;null;null;20,2;79,3;56;null;
2023-06-26;null;2,6;1;null;null;18,7;85,5;70;null;
2023-06-27;null;3,1;1,4;null;null;19,1;87,3;81;null;
2023-06-28;null;5,7;,8;null;null;20,1;86;73;null;
2023-06-29;null;4,3;0;null;null;20,5;89;80;null;
2023-06-30;null;4,4;0;null;null;20;88;70;null;
2023-07-01;null;3;,6;null;null;20,2;88,5;72;null;
2023-07-02;null;5,8;0;null;null;19,9;86;66;null;
2023-07-03;null;6,2;0;null;null;18,1;86,3;63;null;
2023-07-04;null;4,7;,2;null;null;18,4;86,3;69;null;
2023-07-05;null;1,8;0;null;null;16,7;92,8;83;null;
2023-07-06;null;4,4;1,4;null;null;15,6;87,3;69;null;
2023-07-07;null;,7;0;null;null;20,9;93,5;90;null;
2023-07-08;null;2,1;2,5;null;null;19,6;86;72;null;
2023-07-09;null;6,4;0;null;null;21;88,3;70;null;
2023-07-10;null;5,1;0;null;null;19,4;80,5;66;null;
2023-07-11;null;5,8;0;null;null;20,8;78,5;62;null;
2023-07-12;null;8,1;0;null;null;18,3;76;57;null;
2023-07-13;null;8;0;null;null;16,6;81,3;54;null;
2023-07-14;null;6;0;null;null;20,6;78,5;55;null;
2023-07-15;null;6,6;0;null;null;20,2;80,3;54;null;
2023-07-16;null;6,8;0;null;null;20,5;78,8;52;null;
2023-07-17;null;7,1;0;null;null;19,8;74,5;50;null;
2023-07-18;null;7,4;0;null;null;18,8;75,8;51;null;
2023-07-19;null;6,5;0;null;null;19,3;78,8;59;null;
2023-07-20;null;6;1,3;null;null;17,9;81,3;64;null;
2023-07-21;null;8;0;null;null;17,9;78;57;null;
2023-07-22;null;5;,6;null;null;18,8;79,8;55;null;
2023-07-23;null;6,6;0;null;null;19;79,5;55;null;
2023-07-24;null;6;0;null;null;18,8;75,8;51;null;
2023-07-25;null;2,3;0;null;null;18,9;83,3;58;null;
2023-07-26;null;6,6;0;null;null;19,3;82;59;null;
2023-07-27;null;2,3;2,9;null;null;19,1;91;74;null;
2023-07-28;null;2,6;,6;null;null;20,3;89,8;76;null;
2023-07-29;null;3,1;1;null;null;20,7;82,5;61;null;
2023-07-30;null;7;0;null;null;19,1;79,8;62;null;
2023-07-31;null;5,3;0;null;null;18,5;85,3;65;null;
2023-08-01;null;2,9;,7;null;null;20,1;93;82;null;
2023-08-02;null;1,3;8,1;null;null;20,3;95,5;93;null;
2023-08-03;null;1,7;3,3;null;null;19,9;92;90;null;
2023-08-04;null;8,2;,3;null;null;16;78,3;60;null;
2023-08-05;null;7;0;null;null;17,5;81;62;null;
2023-08-06;null;2,9;0;null;null;17,2;89,5;70;null;
2023-08-07;null;3,8;6,8;null;null;19,6;85,5;69;null;
2023-08-08;null;6,9;,2;null;null;19,6;76,5;56;null;
2023-08-09;null;4,1;,3;null;null;19,7;84;75;null;
2023-08-10;null;4,8;,6;null;null;18,2;82,8;74;null;
2023-08-11;null;3,2;,5;null;null;18,2;87,8;75;null;
2023-08-12;null;6,3;0;null;null;19,6;80,5;57;null;
2023-08-13;null;8;0;null;null;16,6;79,5;54;null;
2023-08-14;null;6,5;,2;null;null;19,1;82,3;62;null;
2023-08-15;null;3,5;3,7;null;null;19,4;85;65;null;
2023-08-16;null;5,9;4,5;null;null;18,5;83,8;67;null;
2023-08-17;null;3,1;,6;null;null;19,5;91,5;82;null;
2023-08-18;null;2,1;13,2;null;null;19,4;83,8;65;null;
2023-08-19;null;9,5;0;null;null;15,7;76,8;53;null;
2023-08-20;null;5,2;0;null;null;19,7;80,8;57;null;
2023-08-21;null;5,9;0;null;null;21,8;80,8;55;null;
2023-08-22;null;3,8;0;null;null;21,6;83;62;null;
2023-08-23;null;9;0;null;null;20,5;79,3;56;null;
2023-08-24;null;8,9;0;null;null;21;75,5;50;null;
2023-08-25;null;7,8;0;null;null;21,1;75;47;null;
2023-08-26;null;9,8;0;null;null;20;72;41;null;
2023-08-27;null;4,8;0;null;null;21;82,5;60;null;
2023-08-28;null;7,3;0;null;null;22,5;76,8;51;null;
2023-08-29;null;6,3;0;null;null;21,4;77,8;52;null;
2023-08-30;null;5,5;0;null;null;22;76;56;null;
2023-08-31;null;9,5;,6;null;null;21,9;75,5;50;null;
2023-09-01;null;9,1;0;null;null;20,5;74,5;51;null;
2023-09-02;null;8,8;0;null;null;20,5;74;48;null;
2023-09-03;null;6,1;0;null;null;21,2;78,8;56;null;
2023-09-04;null;6,4;0;null;null;21,7;74,8;54;null;
2023-09-05;null;4,6;1,9;null;null;21,2;82,3;65;null;
2023-09-06;null;4,2;,8;null;null;20,4;89;71;null;
2023-09-07;null;6,4;7,6;null;null;19,8;89;80;null;
2023-09-08;null;6,9;,4;null;null;18,3;83,3;70;null;
2023-09-09;null;7,8;0;null;null;18,1;76;54;null;
2023-09-10;null;0;1,5;null;null;19,1;96;90;null;
2023-09-11;null;2,6;5,8;null;null;18,1;81;58;null;
2023-09-12;null;1,3;2;null;null;19,2;80;54;null;
2023-09-13;null;10,4;0;null;null;18,3;71,8;53;null;
2023-09-14;null;6,1;0;null;null;18,9;74,3;50;null;
2023-09-15;null;8,6;0;null;null;20,2;73;52;null;
2023-09-16;null;8,6;0;null;null;19,6;73,5;51;null;
2023-09-17;null;9,7;0;null;null;19,6;74,8;53;null;
2023-09-18;null;4,7;2,7;null;null;20,8;83;66;null;
2023-09-19;null;2,1;3,1;null;null;19,9;81;68;null;
2023-09-20;null;3,5;0;null;null;21;77,5;62;null;
2023-09-21;null;6,1;1,1;null;null;19,1;79;60;null;
2023-09-22;null;7,9;0;null;null;19,3;74;50;null;
2023-09-23;null;5,9;1,1;null;null;20,8;82;52;null;
2023-09-24;null;7,6;,6;null;null;22,2;75,5;50;null;
2023-09-25;null;9,8;0;null;null;22,3;72,5;46;null;
2023-09-26;null;10,1;0;null;null;22;71,5;49;null;
2023-09-27;null;10,6;0;null;null;21,5;68,5;48;null;
2023-09-28;null;10,4;0;null;null;20,9;66;38;null;
2023-09-29;null;5,7;0;null;null;22;70,5;41;null;
2023-09-30;null;4,5;0;null;null;19,9;71,8;60;null;
2023-10-01;null;4,1;0;null;null;19,4;74,8;58;null;
2023-10-02;null;9,6;0;null;null;19,2;64,8;47;null;
2023-10-03;null;11,2;0;null;null;21,1;65,5;45;null;
2023-10-04;null;8,6;0;null;null;22;68;46;null;
2023-10-05;null;8,9;0;null;null;21,1;70,5;51;null;
2023-10-06;null;9,1;0;null;null;21,9;72;48;null;
2023-10-07;null;9,5;0;null;null;21,6;68,8;46;null;
2023-10-08;null;5,5;0;null;null;22,1;76;52;null;
2023-10-09;null;9,8;0;null;null;21,7;78,8;53;null;
2023-10-10;null;10,1;0;null;null;21,3;72,8;50;null;
2023-10-11;null;9,4;1,4;null;null;21;79,3;61;null;
2023-10-12;null;9,8;0;null;null;20,2;74,3;56;null;
2023-10-13;null;9,5;0;null;null;20,2;72,8;44;null;
2023-10-14;null;9,2;0;null;null;22,9;70,5;44;null;
2023-10-15;null;9,5;0;null;null;22;73,8;47;null;
2023-10-16;null;7,8;,3;null;null;20,5;74;49;null;
2023-10-17;null;10;0;null;null;19,7;64,8;28;null;
2023-10-18;null;11,2;0;null;null;19,5;67,8;44;null;
2023-10-19;null;10,9;0;null;null;19,3;68,5;42;null;
2023-10-20;null;9,7;0;null;null;21;71,3;48;null;
2023-10-21;null;11,7;0;null;null;20,8;75,8;44;null;
2023-10-22;null;2,1;0;null;null;20,2;85,8;81;null;
2023-10-23;null;8,3;1;null;null;20,1;68,5;50;null;
2023-10-24;null;10;,2;null;null;20,9;66,3;48;null;
2023-10-25;null;10;0;null;null;22,4;68;37;null;
2023-10-26;null;10;0;null;null;23;67,8;34;null;
2023-10-27;null;7,4;0;null;null;24;73;46;null;
2023-10-28;null;6,6;0;null;null;23,2;68;38;null;
2023-10-29;null;4,6;0;null;null;21,2;68,3;40;null;
2023-10-30;null;7,5;0;null;null;20,5;71,3;42;null;
2023-10-31;null;10,2;0;null;null;20,8;69;40;null;
2023-11-01;null;10,4;0;null;null;21,7;68,3;39;null;
2023-11-02;null;1,6;0;null;null;23,9;76,3;57;null;
2023-11-03;null;2,5;0;null;null;23,9;73,3;53;null;
2023-11-04;null;9,1;0;null;null;23,7;75,5;55;null;
2023-11-05;null;7;0;null;null;23,7;80;51;null;
2023-11-06;null;null;null;null;null;null;null;93;null;
2023-11-07;null;null;null;null;null;null;null;null;null;
2023-11-08;null;null;null;null;null;null;null;null;null;
2023-11-09;null;null;null;null;null;null;null;null;null;
2023-11-10;null;null;null;null;null;null;null;null;null;
2023-11-11;null;null;null;null;null;null;null;null;null;
2023-11-12;null;null;null;null;null;null;null;null;null;
2023-11-13;null;null;null;null;null;null;null;null;null;
2023-11-14;null;null;null;null;null;null;null;null;null;
2023-11-15;null;null;null;null;null;null;null;null;null;
2023-11-16;null;null;null;null;null;null;null;null;null;
2023-11-17;null;null;null;null;null;null;null;null;null;
2023-11-18;null;null;null;null;null;null;null;null;null;
2023-11-19;null;null;null;null;null;null;null;null;null;
2023-11-20;null;null;null;null;null;null;null;null;null;
2023-11-21;null;null;null;null;null;null;null;null;null;
2023-11-22;null;null;null;null;null;null;null;null;null;
2023-11-23;null;null;null;null;null;null;null;null;null;
2023-11-24;null;null;null;null;null;null;null;null;null;
2023-11-25;null;null;null;null;null;null;null;null;null;
2023-11-26;null;null;null;null;null;null;null;null;null;
2023-11-27;null;null;null;null;null;null;null;null;null;
2023-11-28;null;null;null;null;null;null;null;null;null;
2023-11-29;null;null;null;null;null;null;null;null;null;
2023-11-30;null;null;null;null;null;null;null;null;null;
2023-12-01;null;null;null;null;null;null;null;null;null;
2023-12-02;null;null;null;null;null;null;null;null;null;
2023-12-03;null;null;null;null;null;null;null;null;null;
2023-12-04;null;null;null;null;null;null;null;null;null;
2023-12-05;null;null;null;null;null;null;null;null;null;
2023-12-06;null;null;null;null;null;null;null;null;null;
2023-12-07;null;null;null;null;null;null;null;null;null;
2023-12-08;null;null;null;null;null;null;null;null;null;
2023-12-09;null;null;null;null;null;null;null;null;null;
2023-12-10;null;null;null;null;null;null;null;null;null;
2023-12-11;null;null;null;null;null;null;null;null;null;
2023-12-12;null;null;null;null;null;null;null;null;null;
2023-12-13;null;null;null;null;null;null;null;null;null;
2023-12-14;null;null;null;null;null;null;null;null;null;
2023-12-15;null;null;null;null;null;null;null;null;null;
2023-12-16;null;null;null;null;null;null;null;null;null;
2023-12-17;null;null;null;null;null;null;null;null;null;
2023-12-18;null;null;null;null;null;null;null;null;null;
2023-12-19;null;null;null;null;null;null;null;null;null;
2023-12-20;null;null;null;null;null;null;null;null;null;
2023-12-21;null;null;null;null;null;null;null;null;null;
2023-12-22;null;null;null;null;null;null;null;null;null;
2023-12-23;null;null;null;null;null;null;null;null;null;
2023-12-24;null;null;null;null;null;null;null;null;null;
2023-12-25;null;null;null;null;null;null;null;null;null;
2023-12-26;null;null;null;null;null;null;null;null;null;
2023-12-27;null;null;null;null;null;null;null;null;null;
2023-12-28;null;null;null;null;null;null;null;null;null;
2023-12-29;null;null;null;null;null;null;null;null;null;
2023-12-30;null;null;null;null;null;null;null;null;null;
2023-12-31;null;null;null;null;null;null;null;null;null;
2024-01-01;null;null;null;null;null;null;null;null;null;
2024-01-02;null;null;null;null;null;null;null;null;null;
2024-01-03;null;null;null;null;null;null;null;null;null;
2024-01-04;null;null;null;null;null;null;null;null;null;
2024-01-05;null;null;null;null;null;null;null;null;null;
2024-01-06;null;null;null;null;null;null;null;null;null;
2024-01-07;null;null;null;null;null;null;null;null;null;
2024-01-08;null;null;null;null;null;null;null;null;null;
2024-01-09;null;null;null;null;null;null;null;null;null;
2024-01-10;null;null;null;null;null;null;null;null;null;
2024-01-11;null;null;null;null;null;null;null;null;null;
2024-01-12;null;null;null;null;null;null;null;null;null;
2024-01-13;null;null;null;null;null;null;null;null;null;
2024-01-14;null;null;null;null;null;null;null;null;null;
2024-01-15;null;null;null;null;null;null;null;null;null;
2024-01-16;null;null;null;null;null;null;null;null;null;
2024-01-17;null;null;null;null;null;null;null;null;null;
2024-01-18;null;null;null;null;null;null;null;null;null;
2024-01-19;null;null;null;null;null;null;null;null;null;
2024-01-20;null;null;null;null;null;null;null;null;null;
2024-01-21;null;null;null;null;null;null;null;null;null;
2024-01-22;null;null;null;null;null;null;null;null;null;
2024-01-23;null;null;null;null;null;null;null;null;null;
2024-01-24;null;null;null;null;null;null;null;null;null;
2024-01-25;null;null;null;null;null;null;null;null;null;
2024-01-26;null;null;null;null;null;null;null;null;null;
2024-01-27;null;null;null;null;null;null;null;null;null;
2024-01-28;null;null;null;null;null;null;null;null;null;
2024-01-29;null;null;null;null;null;null;null;null;null;
2024-01-30;null;null;null;null;null;null;null;null;null;
2024-01-31;null;null;null;null;null;null;null;null;null;
2024-02-01;null;null;null;null;null;null;null;null;null;
2024-02-02;null;null;null;null;null;null;null;null;null;
2024-02-03;null;null;null;null;null;null;null;null;null;
2024-02-04;null;null;null;null;null;null;null;null;null;
2024-02-05;null;null;null;null;null;null;null;null;null;
2024-02-06;null;null;null;null;null;null;null;null;null;
2024-02-07;null;null;null;null;null;null;null;null;null;
2024-02-08;null;null;null;null;null;null;null;null;null;
2024-02-09;null;null;null;null;null;null;null;null;null;
2024-02-10;null;null;null;null;null;null;null;null;null;
2024-02-11;null;null;null;null;null;null;null;null;null;
2024-02-12;null;null;null;null;null;null;null;null;null;
2024-02-13;null;null;null;null;null;null;null;null;null;
2024-02-14;null;null;null;null;null;null;null;null;null;
2024-02-15;null;null;null;null;null;null;null;null;null;
2024-02-16;null;null;null;null;null;null;null;null;null;
2024-02-17;null;null;null;null;null;null;null;null;null;
2024-02-18;null;null;null;null;null;null;null;null;null;
2024-02-19;null;null;null;null;null;null;null;null;null;
2024-02-20;null;null;null;null;null;null;null;null;null;
2024-02-21;null;null;null;null;null;null;null;null;null;
2024-02-22;null;null;null;null;null;null;null;null;null;
2024-02-23;null;null;null;null;null;null;null;null;null;
2024-02-24;null;null;null;null;null;null;null;null;null;
2024-02-25;null;null;null;null;null;null;null;null;null;
2024-02-26;null;null;null;null;null;null;null;null;null;
2024-02-27;null;null;null;null;null;null;null;null;null;
2024-02-28;null;null;null;null;null;null;null;null;null;
2024-02-29;null;null;null;null;null;null;null;null;null;
2024-03-01;null;null;null;null;null;null;null;null;null;
2024-03-02;null;null;null;null;null;null;null;null;null;
2024-03-03;null;null;null;null;null;null;null;null;null;
2024-03-04;null;null;null;null;null;null;null;null;null;
2024-03-05;null;null;null;null;null;null;null;null;null;
2024-03-06;null;null;null;null;null;null;null;null;null;
2024-03-07;null;null;null;null;null;null;null;null;null;
2024-03-08;null;null;null;null;null;null;null;null;null;
2024-03-09;null;null;null;null;null;null;null;null;null;
2024-03-10;null;null;null;null;null;null;null;null;null;
2024-03-11;null;null;null;null;null;null;null;null;null;
2024-03-12;null;null;null;null;null;null;null;null;null;
2024-03-13;null;null;null;null;null;null;null;null;null;
2024-03-14;null;null;null;null;null;null;null;null;null;
2024-03-15;null;null;null;null;null;null;null;null;null;
2024-03-16;null;null;null;null;null;null;null;null;null;
2024-03-17;null;null;null;null;null;null;null;null;null;
2024-03-18;null;null;null;null;null;null;null;null;null;
2024-03-19;null;null;null;null;null;null;null;null;null;
2024-03-20;null;null;null;null;null;null;null;null;null;
2024-03-21;null;null;null;null;null;null;null;null;null;
2024-03-22;null;null;null;null;null;null;null;null;null;
2024-03-23;null;null;null;null;null;null;null;null;null;
2024-03-24;null;null;null;null;null;null;null;null;null;
2024-03-25;null;null;null;null;null;null;null;null;null;
2024-03-26;null;null;null;null;null;null;null;null;null;
2024-03-27;null;null;null;null;null;null;null;null;null;
2024-03-28;null;null;null;null;null;null;null;null;null;
2024-03-29;null;null;null;null;null;null;null;null;null;
2024-03-30;null;null;null;null;null;null;null;null;null;
2024-03-31;null;null;null;null;null;null;null;null;null;

