Nome: CAXIAS
Codigo Estacao: 82476
Latitude: -4.86722221
Longitude: -43.35666666
Altitude: 96.67
Situacao: Fechada
Data Inicial: 2020-01-01
Data Final: 2022-08-30
Periodicidade da Medicao: Diaria

Data Medicao;EVAPORACAO DO PICHE, DIARIA(mm);INSOLACAO TOTAL, DIARIO(h);PRECIPITACAO TOTAL, DIARIO(mm);TEMPERATURA MAXIMA, DIARIA(°C);TEMPERATURA MEDIA COMPENSADA, DIARIA(°C);TEMPERATURA MINIMA, DIARIA(°C);UMIDADE RELATIVA DO AR, MEDIA DIARIA(%);UMIDADE RELATIVA DO AR, MINIMA DIARIA(%);VENTO, VELOCIDADE MEDIA DIARIA(m/s);
2020-01-01;null;null;null;null;null;null;null;69;null;
2020-01-02;null;null;null;null;null;null;null;null;null;
2020-01-03;null;null;null;null;null;null;null;null;null;
2020-01-04;null;null;null;null;null;null;null;null;null;
2020-01-05;null;null;null;null;null;null;null;null;null;
2020-01-06;null;null;null;null;null;null;null;null;null;
2020-01-07;null;null;null;null;null;null;null;null;null;
2020-01-08;null;null;null;null;null;null;null;null;null;
2020-01-09;null;null;null;null;null;null;null;null;null;
2020-01-10;null;null;null;null;null;null;null;null;null;
2020-01-11;null;null;null;null;null;null;null;null;null;
2020-01-12;null;null;null;null;null;null;null;null;null;
2020-01-13;null;null;null;null;null;null;null;null;null;
2020-01-14;null;null;null;null;null;null;null;null;null;
2020-01-15;null;null;null;null;null;null;null;null;null;
2020-01-16;null;null;null;null;null;null;null;null;null;
2020-01-17;null;null;null;null;null;null;null;null;null;
2020-01-18;null;null;null;null;null;null;null;null;null;
2020-01-19;null;null;null;null;null;null;null;null;null;
2020-01-20;null;null;null;null;null;null;null;null;null;
2020-01-21;null;null;null;null;null;null;null;null;null;
2020-01-22;null;null;null;null;null;null;null;null;null;
2020-01-23;null;null;null;null;null;null;null;null;null;
2020-01-24;null;null;null;null;null;null;null;null;null;
2020-01-25;null;null;null;null;null;null;null;null;null;
2020-01-26;null;null;null;null;null;null;null;null;null;
2020-01-27;null;null;null;null;null;null;null;null;null;
2020-01-28;null;null;null;null;null;null;null;null;null;
2020-01-29;null;null;null;null;null;null;null;null;null;
2020-01-30;null;null;null;null;null;null;null;null;null;
2020-01-31;null;null;null;null;null;null;null;null;null;
2020-02-01;null;null;0;null;null;null;null;null;null;
2020-02-02;null;null;0;null;null;null;null;null;null;
2020-02-03;null;null;0;32;27;22;73,3;63;null;
2020-02-04;null;null;0;32;null;26,4;69;62;null;
2020-02-05;2,4;null;0;28,1;23,6;21,4;89,8;68;null;
2020-02-06;,3;null;85,8;29,9;25,7;20,6;76,8;66;null;
2020-02-07;,8;null;0;32,1;26,9;22,3;77,8;64;null;
2020-02-08;null;null;0;null;null;null;null;84;null;
2020-02-09;null;null;3,6;null;null;null;null;null;null;
2020-02-10;null;null;9,3;31,8;27,1;22,2;79,3;71;null;
2020-02-11;,6;null;,8;30,5;27,3;24;77,5;68;null;
2020-02-12;,7;null;0;33,2;27,8;23,8;70,8;60;null;
2020-02-13;,8;null;0;32,1;26,3;23,6;80,5;67;null;
2020-02-14;,4;null;29,6;31;24,8;22,7;85,3;71;null;
2020-02-15;null;null;55,1;null;null;null;null;91;null;
2020-02-16;null;null;0;null;null;null;null;null;null;
2020-02-17;null;null;0;32,4;26,9;21,8;78,3;67;null;
2020-02-18;,8;null;,2;31,9;26,5;24,3;77;67;null;
2020-02-19;,8;null;3,1;31,6;26,9;24,2;76;66;null;
2020-02-20;1,8;null;,2;30,7;26,8;23,8;83,8;72;null;
2020-02-21;,7;null;,9;29,6;26,2;23,9;81,3;72;null;
2020-02-22;null;null;3,5;null;null;null;null;82;null;
2020-02-23;null;null;2,8;null;null;null;null;null;null;
2020-02-24;null;null;3,2;31,8;26,7;22,5;73,8;65;null;
2020-02-25;,5;null;28,7;31,6;25,6;23,3;86,5;75;null;
2020-02-26;,9;null;20,2;30,8;26,7;23,4;80;76;null;
2020-02-27;1,4;null;0;32,6;29,9;24,8;58,8;64;null;
2020-02-28;1,7;null;0;31,4;28;25;74,5;43;null;
2020-02-29;null;null;0;null;null;null;null;78;null;
2020-03-01;null;null;29,5;null;null;null;null;null;null;
2020-03-02;null;null;1,6;31,2;26,3;24;83,8;77;0;
2020-03-03;,4;null;17,3;32,4;26,4;24,4;81;60;null;
2020-03-04;,6;null;12,8;31,9;26,9;24,2;78,5;66;null;
2020-03-05;,8;null;,4;32,1;26,6;24,6;82,3;64;null;
2020-03-06;,2;null;9,7;31,4;26,7;24;81,5;70;null;
2020-03-07;null;null;3,6;null;null;null;null;86;null;
2020-03-08;null;null;14,9;null;null;null;null;null;null;
2020-03-09;null;null;4,3;32;26,7;24,8;79,5;68;null;
2020-03-10;,7;null;86,1;25,8;23,8;21,7;87,5;83;null;
2020-03-11;,2;null;0;31,4;26,6;22,5;77,8;74;null;
2020-03-12;,9;null;0;32,1;27,3;24,4;76,3;66;null;
2020-03-13;1,4;null;,5;31,3;25,5;23,1;82,8;74;null;
2020-03-14;null;null;11,2;null;null;null;null;89;null;
2020-03-15;null;null;,6;null;null;null;null;null;null;
2020-03-16;null;null;46,9;28,4;25,2;22,2;83,8;82;null;
2020-03-17;,4;null;0;31,5;26,8;23,1;79,8;74;null;
2020-03-18;1;null;8,9;31;26,6;23,4;83,5;78;null;
2020-03-19;,8;null;,7;31,4;26;24;87,5;74;null;
2020-03-20;,5;null;47,8;29,4;24,7;21,9;92,8;90;null;
2020-03-21;null;null;56,2;null;null;null;null;95;null;
2020-03-22;null;null;103,4;null;null;null;null;null;null;
2020-03-23;null;null;0;33,2;28;24,4;77,8;66;null;
2020-03-24;1,2;null;,8;31,6;25,9;23,7;86,5;74;null;
2020-03-25;,6;null;10,6;32,5;25,7;23,5;93,8;91;null;
2020-03-26;,2;null;50,5;32;26,6;22,9;82,3;71;null;
2020-03-27;,8;null;0;32,1;26,2;23,6;84,5;75;null;
2020-03-28;null;null;20,9;null;null;null;null;92;null;
2020-03-29;null;null;0;null;null;null;null;null;null;
2020-03-30;null;null;0;33,6;27,8;25,2;78,5;58;null;
2020-03-31;1,3;null;1,2;32,9;27,4;24,5;79,3;68;null;
2020-04-01;1,2;null;4,8;31,2;26,1;24,2;91,5;83;null;
2020-04-02;,2;null;9,2;33;27,7;23,4;80,5;67;null;
2020-04-03;1,1;null;2,3;32,3;27,6;25;80,5;76;null;
2020-04-04;null;null;,4;null;null;null;null;80;null;
2020-04-05;null;null;0;null;null;null;null;null;null;
2020-04-06;null;null;31,2;33,2;27,6;23,3;78;62;null;
2020-04-07;1,5;null;0;34,7;29,6;24,8;73;58;null;
2020-04-08;2,1;null;0;34,7;29,2;24,8;79;76;null;
2020-04-09;,2;null;3,1;33,2;28,1;23,8;78;63;null;
2020-04-10;null;null;0;null;null;null;null;82;null;
2020-04-11;null;null;0;null;null;null;null;null;null;
2020-04-12;null;null;15,5;null;null;null;null;null;null;
2020-04-13;null;null;0;34;27;23,4;86,3;86;null;
2020-04-14;,5;null;,3;32;26,2;24,1;88;81;null;
2020-04-15;,7;null;6,5;31,4;26,6;23,8;81,5;76;null;
2020-04-16;,9;null;0;32,5;27,3;24,2;86,3;81;null;
2020-04-17;,6;null;8,6;32,3;27,2;23,6;81,3;65;null;
2020-04-18;null;null;0;null;null;null;null;86;null;
2020-04-19;null;null;null;null;null;null;null;null;null;
2020-04-20;null;null;1,9;32,2;26,9;23,1;83,3;72;null;
2020-04-21;null;null;3;null;null;null;null;88;null;
2020-04-22;null;null;90,9;31,5;26,6;22,7;82,3;75;null;
2020-04-23;,6;null;43;32;27,3;22,6;85,3;77;null;
2020-04-24;1;null;49,7;31,6;26,4;23,9;84;76;null;
2020-04-25;null;null;1,8;null;null;null;null;90;null;
2020-04-26;null;null;0;null;null;null;null;null;null;
2020-04-27;null;null;0;32;26,5;23,6;84;66;null;
2020-04-28;1;null;,7;32,2;26,7;23,1;80;67;null;
2020-04-29;1;null;1,2;32,6;27,2;23,1;77;68;null;
2020-04-30;2,1;null;0;32;26,8;23,4;82,3;69;null;
2020-05-01;,6;null;16,4;32,4;27;23,9;81,3;66;null;
2020-05-02;null;null;,2;null;null;null;null;85;null;
2020-05-03;null;null;0;null;null;null;null;null;null;
2020-05-04;null;null;0;33,9;28,5;24;71,8;59;null;
2020-05-05;1,8;null;0;35,9;28,9;24,1;65,3;67;null;
2020-05-06;1,8;null;0;33,2;28,6;24,5;73,5;59;null;
2020-05-07;1,7;null;0;32,2;27,8;24,6;77,3;69;null;
2020-05-08;1,8;null;0;33;27,9;23,8;80;70;null;
2020-05-09;null;null;null;null;null;null;null;83;null;
2020-05-10;null;null;null;null;null;null;null;null;null;
2020-05-11;null;null;null;null;null;null;null;null;null;
2020-05-12;null;null;null;null;null;null;null;null;null;
2020-05-13;null;null;null;null;null;null;null;null;null;
2020-05-14;null;null;null;null;null;null;null;null;null;
2020-05-15;null;null;3,4;null;null;null;null;null;null;
2020-05-16;null;null;13,2;null;null;null;null;null;null;
2020-05-17;null;null;11,3;null;null;null;null;null;null;
2020-05-18;null;null;14,5;null;null;null;null;null;null;
2020-05-19;null;null;null;null;null;null;null;null;null;
2020-05-20;null;null;2,3;null;null;null;null;null;null;
2020-05-21;null;null;1,8;null;null;null;null;null;null;
2020-05-22;null;null;3,7;null;null;null;null;null;null;
2020-05-23;null;null;null;null;null;null;null;null;null;
2020-05-24;null;null;0;null;null;null;null;null;null;
2020-05-25;null;null;17,6;null;null;null;null;null;null;
2020-05-26;null;null;3,8;null;null;null;null;null;null;
2020-05-27;null;null;6,1;null;null;null;null;null;null;
2020-05-28;null;null;57,5;null;null;null;null;null;null;
2020-05-29;null;null;null;null;null;null;null;null;null;
2020-05-30;null;null;null;null;null;null;null;null;null;
2020-05-31;null;null;null;null;null;null;null;null;null;
2020-06-01;null;null;null;null;null;null;null;null;null;
2020-06-02;null;null;null;null;null;null;null;null;null;
2020-06-03;null;null;null;null;null;null;null;null;null;
2020-06-04;null;null;null;null;null;null;null;null;null;
2020-06-05;null;null;null;null;null;null;null;null;null;
2020-06-06;null;null;null;null;null;null;null;null;null;
2020-06-07;null;null;null;null;null;null;null;null;null;
2020-06-08;null;null;null;null;null;null;null;null;null;
2020-06-09;null;null;null;null;null;null;null;null;null;
2020-06-10;null;null;null;null;null;null;null;null;null;
2020-06-11;null;null;null;null;null;null;null;null;null;
2020-06-12;null;null;null;null;null;null;null;null;null;
2020-06-13;null;null;null;null;null;null;null;null;null;
2020-06-14;null;null;null;null;null;null;null;null;null;
2020-06-15;null;null;null;null;null;null;null;null;null;
2020-06-16;null;null;null;null;null;null;null;null;null;
2020-06-17;null;null;null;null;null;null;null;null;null;
2020-06-18;null;null;null;null;null;null;null;null;null;
2020-06-19;null;null;null;null;null;null;null;null;null;
2020-06-20;null;null;null;null;null;null;null;null;null;
2020-06-21;null;null;null;null;null;null;null;null;null;
2020-06-22;null;null;null;null;null;null;null;null;null;
2020-06-23;null;null;null;null;null;null;null;null;null;
2020-06-24;null;null;null;null;null;null;null;null;null;
2020-06-25;null;null;null;null;null;null;null;null;null;
2020-06-26;null;null;null;null;null;null;null;null;null;
2020-06-27;null;null;null;null;null;null;null;null;null;
2020-06-28;null;null;null;null;null;null;null;null;null;
2020-06-29;null;null;null;null;null;null;null;null;null;
2020-06-30;null;null;null;null;null;null;null;null;null;
2020-07-01;null;null;null;null;null;null;null;null;null;
2020-07-02;null;null;null;null;null;null;null;null;null;
2020-07-03;null;null;null;null;null;null;null;null;null;
2020-07-04;null;null;null;null;null;null;null;null;null;
2020-07-05;null;null;null;null;null;null;null;null;null;
2020-07-06;null;null;null;null;null;null;null;null;null;
2020-07-07;null;null;null;null;null;null;null;null;null;
2020-07-08;null;null;null;null;null;null;null;null;null;
2020-07-09;null;null;null;null;null;null;null;null;null;
2020-07-10;null;null;null;null;null;null;null;null;null;
2020-07-11;null;null;null;null;null;null;null;null;null;
2020-07-12;null;null;null;null;null;null;null;null;null;
2020-07-13;null;null;null;null;null;null;null;null;null;
2020-07-14;null;null;null;null;null;null;null;null;null;
2020-07-15;null;null;null;null;null;null;null;null;null;
2020-07-16;null;null;null;null;null;null;null;null;null;
2020-07-17;null;null;null;null;null;null;null;null;null;
2020-07-18;null;null;null;null;null;null;null;null;null;
2020-07-19;null;null;null;null;null;null;null;null;null;
2020-07-20;null;null;null;null;null;null;null;null;null;
2020-07-21;null;null;null;null;null;null;null;null;null;
2020-07-22;null;null;null;null;null;null;null;null;null;
2020-07-23;null;null;null;null;null;null;null;null;null;
2020-07-24;null;null;null;null;null;null;null;null;null;
2020-07-25;null;null;null;null;null;null;null;null;null;
2020-07-26;null;null;null;null;null;null;null;null;null;
2020-07-27;null;null;null;null;null;null;null;null;null;
2020-07-28;null;null;null;null;null;null;null;null;null;
2020-07-29;null;null;null;null;null;null;null;null;null;
2020-07-30;null;null;null;null;null;null;null;null;null;
2020-07-31;null;null;null;null;null;null;null;null;null;
2020-08-01;null;null;null;null;null;null;null;null;null;
2020-08-02;null;null;null;null;null;null;null;null;null;
2020-08-03;null;null;null;null;null;null;null;null;null;
2020-08-04;null;null;null;null;null;null;null;null;null;
2020-08-05;null;null;null;null;null;null;null;null;null;
2020-08-06;null;null;null;null;null;null;null;null;null;
2020-08-07;null;null;null;null;null;null;null;null;null;
2020-08-08;null;null;null;null;null;null;null;null;null;
2020-08-09;null;null;null;null;null;null;null;null;null;
2020-08-10;null;null;null;null;null;null;null;null;null;
2020-08-11;null;null;null;null;null;null;null;null;null;
2020-08-12;null;null;null;null;null;null;null;null;null;
2020-08-13;null;null;null;null;null;null;null;null;null;
2020-08-14;null;null;null;null;null;null;null;null;null;
2020-08-15;null;null;null;null;null;null;null;null;null;
2020-08-16;null;null;null;null;null;null;null;null;null;
2020-08-17;null;null;null;null;null;null;null;null;null;
2020-08-18;null;null;null;null;null;null;null;null;null;
2020-08-19;null;null;null;null;null;null;null;null;null;
2020-08-20;null;null;null;null;null;null;null;null;null;
2020-08-21;null;null;null;null;null;null;null;null;null;
2020-08-22;null;null;null;null;null;null;null;null;null;
2020-08-23;null;null;null;null;null;null;null;null;null;
2020-08-24;null;null;null;null;null;null;null;null;null;
2020-08-25;null;null;null;null;null;null;null;null;null;
2020-08-26;null;null;null;null;null;null;null;null;null;
2020-08-27;null;null;null;null;null;null;null;null;null;
2020-08-28;null;null;null;null;null;null;null;null;null;
2020-08-29;null;null;null;null;null;null;null;null;null;
2020-08-30;null;null;null;null;null;null;null;null;null;
2020-08-31;null;null;null;null;null;null;null;null;null;
2020-09-01;null;null;0;38,2;29,4;23,5;56,8;39;null;
2020-09-02;4,8;null;0;35;29,3;21,4;62;62;null;
2020-09-03;4,3;null;0;38,5;29,2;21,4;62;58;null;
2020-09-04;4,5;null;0;37,6;28,7;22,4;71;58;null;
2020-09-05;3,5;null;0;38,4;29,5;23,1;67;67;null;
2020-09-06;null;null;null;null;null;null;null;62;null;
2020-09-07;null;null;0;38,4;29,3;21,9;64;65;null;
2020-09-08;4,5;null;0;38,1;29,2;22,1;68;62;null;
2020-09-09;4,1;null;0;37,9;29,9;23,5;66;66;null;
2020-09-10;4,3;null;0;38,5;30,5;23,8;59,8;45;null;
2020-09-11;4,6;null;0;38,3;30,9;24,7;60,5;48;null;
2020-09-12;4,1;null;0;38,7;30,3;24,8;61,5;48;null;
2020-09-13;null;null;null;null;null;null;null;65;null;
2020-09-14;null;null;0;38,4;29,6;22,3;60;42;null;
2020-09-15;4,1;null;0;37,7;28,9;20,3;60,3;48;null;
2020-09-16;4,4;null;0;37,9;29,6;22,7;63,3;47;null;
2020-09-17;4,1;null;0;38,4;30,9;23,8;57,8;45;null;
2020-09-18;4,4;null;0;39,6;31,1;23,8;61;48;null;
2020-09-19;3,7;null;0;37,9;30,7;24,6;61,5;49;null;
2020-09-20;null;null;null;null;null;null;null;60;null;
2020-09-21;null;null;0;37,1;30,3;24,9;65,8;53;null;
2020-09-22;4;null;0;39,5;30,6;24,5;62,5;50;null;
2020-09-23;4,6;null;0;40,1;31,6;24;60;48;null;
2020-09-24;4,6;null;4,9;36,6;30,2;24,3;61,5;53;null;
2020-09-25;4,2;null;0;38,1;30,2;24,4;62,5;48;null;
2020-09-26;5,8;null;0;36,6;29,8;25,2;63,5;53;null;
2020-09-27;null;null;null;null;null;null;null;63;null;
2020-09-28;null;null;0;38,7;30,5;24,4;61,3;50;null;
2020-09-29;4,4;null;0;39,1;31,8;26,6;63,5;52;null;
2020-09-30;4,7;null;0;39;31,4;25,1;61;52;null;
2020-10-01;4,8;null;0;39,3;30,4;24;60,8;45;null;
2020-10-02;4,8;null;5,8;39,8;31;22,9;60,3;48;null;
2020-10-03;3,7;null;0;38,7;30,6;25;66,5;52;null;
2020-10-04;null;null;,6;null;null;null;null;69;null;
2020-10-05;null;null;0;39,3;31,8;24,6;57,8;48;null;
2020-10-06;4,6;null;0;38,4;31,6;24,7;61,5;51;null;
2020-10-07;5;null;0;39,5;31,2;23,8;61;49;null;
2020-10-08;5,2;null;1,7;39,8;31,3;24,7;61,3;46;null;
2020-10-09;4,8;null;20,8;38,4;31,1;24,8;60,8;48;null;
2020-10-10;4,8;null;8,3;38,1;30,6;25,4;64;50;null;
2020-10-11;null;null;null;null;null;null;null;65;null;
2020-10-12;null;null;0;38;28;24,4;76,8;54;null;
2020-10-13;3;null;11,1;37,2;29,9;23,9;59,3;48;null;
2020-10-14;3,8;null;0;36,1;31,1;28,4;61;55;null;
2020-10-15;4,5;null;0;39,4;null;null;55;44;null;
2020-10-16;5,1;null;0;38,3;31,7;26;58,5;48;null;
2020-10-17;4,9;null;0;39,5;31,6;25,6;59,3;47;null;
2020-10-18;null;null;null;null;null;null;null;59;null;
2020-10-19;null;null;0;37,7;31,1;25,2;58,8;46;null;
2020-10-20;4,1;null;0;39,5;27,1;null;56;47;null;
2020-10-21;5,3;null;0;40,2;32,3;25,1;56;45;null;
2020-10-22;5;null;0;39,7;31,7;26,3;64,8;48;null;
2020-10-23;4,3;null;0;36,5;30,5;24,8;63,3;60;null;
2020-10-24;4,1;null;0;37,3;31,1;26,3;63,3;48;null;
2020-10-25;null;null;null;null;null;null;null;65;null;
2020-10-26;null;null;0;37,7;31,8;26,8;62,8;55;null;
2020-10-27;3,2;null;0;33,4;28,9;26,3;72,5;62;null;
2020-10-28;2,7;null;0;37,6;31,2;25,3;64;56;null;
2020-10-29;3,9;null;0;39,2;32,1;26,1;62,3;53;null;
2020-10-30;4,6;null;0;38,4;31,6;25,2;59,8;47;null;
2020-10-31;5;null;0;38,2;31,4;25,6;58,8;46;null;
2020-11-01;null;null;null;null;null;null;null;59;null;
2020-11-02;null;null;0;37,4;30;25,2;68;57;null;
2020-11-03;3,9;null;0;32,9;28;25,4;80;70;null;
2020-11-04;1,5;null;10,9;30,7;25,8;23,3;85;76;null;
2020-11-05;,8;null;0;31,9;28,3;24,2;73;77;null;
2020-11-06;2,4;null;5,4;34,5;29,1;25,9;74;70;null;
2020-11-07;2,5;null;0;34,4;29,5;26;76;73;null;
2020-11-08;null;null;null;null;null;null;null;73;null;
2020-11-09;null;null;0;38,6;31,1;24,8;68;74;null;
2020-11-10;4,2;null;0;37,1;29,9;26,7;76;66;null;
2020-11-11;3,1;null;0;36,5;30,5;26,1;70;70;null;
2020-11-12;3,2;null;0;36,6;30,5;26,5;69;67;null;
2020-11-13;3;null;0;37,8;30,5;25,8;71;67;null;
2020-11-14;3,5;null;0;39,5;31,5;25,4;66;70;null;
2020-11-15;null;null;null;null;null;null;null;63;null;
2020-11-16;null;null;0;37,9;31,4;26,1;63;60;null;
2020-11-17;4,4;null;0;35,7;30,3;25,9;71;61;null;
2020-11-18;2,7;null;0;37,7;30,3;26,5;73;68;null;
2020-11-19;2,8;null;4,5;28,6;25,7;24,2;95;75;null;
2020-11-20;1,2;null;0;34,7;28,6;24,6;75;73;null;
2020-11-21;2,7;null;0;33,5;28,8;24,3;77;65;null;
2020-11-22;null;null;null;null;null;null;null;77;null;
2020-11-23;null;null;3,1;35,5;28,8;25,1;78;85;null;
2020-11-24;2,2;null;0;34,4;29,2;24,6;71;72;null;
2020-11-25;3;null;0;35,8;29,8;24,6;68;69;null;
2020-11-26;3,2;null;0;35,9;30,2;25,4;70;64;null;
2020-11-27;3,4;null;0;35,4;29,8;26,1;72;68;null;
2020-11-28;3,1;null;0;35,6;29,4;25;70;72;null;
2020-11-29;null;null;null;null;null;null;null;66;null;
2020-11-30;null;null;0;39,5;31,2;24,5;64;68;null;
2020-12-01;3;null;0;37,1;31;26,1;65;64;null;
2020-12-02;3,9;null;0;37,3;30,4;25,8;70;64;null;
2020-12-03;3,7;null;0;36,1;30,6;25,6;68;68;null;
2020-12-04;3,9;null;0;37,7;31;26,2;66;65;null;
2020-12-05;4,1;null;0;36,7;31,1;26;65;66;null;
2020-12-06;null;null;null;null;null;null;null;60;null;
2020-12-07;null;null;0;36,1;null;25,7;null;69;null;
2020-12-08;2,6;null;null;35,8;null;25,7;null;76;null;
2020-12-09;2,2;null;0;35,1;null;25,7;null;71;null;
2020-12-10;3,4;null;0;39,2;null;26,1;null;73;null;
2020-12-11;3;null;0;null;null;25,3;null;73;null;
2020-12-12;null;null;null;null;null;null;null;null;null;
2020-12-13;null;null;null;null;null;null;null;null;null;
2020-12-14;null;null;0;35,4;null;25,5;null;78;null;
2020-12-15;2,3;null;2,5;34;null;25,4;null;80;null;
2020-12-16;1,6;null;0;36;null;24,8;null;84;null;
2020-12-17;3;null;0;35,2;null;24,7;null;83;null;
2020-12-18;2,1;null;4;34,8;null;24,6;null;76;null;
2020-12-19;2,5;null;37,7;35,2;29,7;25,4;75;84;null;
2020-12-20;null;null;null;null;null;null;null;70;null;
2020-12-21;null;null;1;36,3;28,7;25;82;89;null;
2020-12-22;1,9;null;0;33,1;28,3;26,3;79;78;null;
2020-12-23;2,6;null;0;35;28,4;24,6;83;77;null;
2020-12-24;2,6;null;0;34,9;28,5;25,7;84;79;null;
2020-12-25;2,4;null;,4;31,1;27,1;24,4;84;86;null;
2020-12-26;1,3;null;59,9;31,2;26,9;22,9;82;80;null;
2020-12-27;null;null;null;null;null;null;null;76;null;
2020-12-28;null;null;0;35,1;28,9;24,5;72;79;null;
2020-12-29;2,2;null;0;36,2;30;25,3;70;68;null;
2020-12-30;5;null;null;35;null;25,6;null;68;null;
2020-12-31;2,3;null;0;34,4;null;25,5;null;76;null;
2021-01-01;null;null;37,1;null;null;21,7;null;90;null;
2021-01-02;null;null;null;null;null;null;null;null;null;
2021-01-03;null;null;null;null;null;null;null;null;null;
2021-01-04;null;null;null;null;null;null;null;null;null;
2021-01-05;null;null;null;null;null;null;null;null;null;
2021-01-06;null;null;null;null;null;null;null;null;null;
2021-01-07;null;null;null;null;null;null;null;null;null;
2021-01-08;null;null;null;null;null;null;null;null;null;
2021-01-09;null;null;null;null;null;null;null;null;null;
2021-01-10;null;null;null;null;null;null;null;null;null;
2021-01-11;null;null;null;null;null;null;null;null;null;
2021-01-12;null;null;null;null;null;null;null;null;null;
2021-01-13;null;null;null;null;null;null;null;null;null;
2021-01-14;null;null;null;null;null;null;null;null;null;
2021-01-15;null;null;null;null;null;null;null;null;null;
2021-01-16;null;null;null;null;null;null;null;null;null;
2021-01-17;null;null;null;null;null;null;null;null;null;
2021-01-18;null;null;null;null;null;null;null;null;null;
2021-01-19;null;null;null;null;null;null;null;null;null;
2021-01-20;null;null;null;null;null;null;null;null;null;
2021-01-21;null;null;null;null;null;null;null;null;null;
2021-01-22;null;null;null;null;null;null;null;null;null;
2021-01-23;null;null;null;null;null;null;null;null;null;
2021-01-24;null;null;null;null;null;null;null;null;null;
2021-01-25;null;null;null;null;null;null;null;null;null;
2021-01-26;null;null;null;null;null;null;null;null;null;
2021-01-27;null;null;null;null;null;null;null;null;null;
2021-01-28;null;null;null;null;null;null;null;null;null;
2021-01-29;null;null;null;null;null;null;null;null;null;
2021-01-30;null;null;null;null;null;null;null;null;null;
2021-01-31;null;null;null;null;null;null;null;null;null;
2021-02-01;null;null;null;null;null;null;null;null;null;
2021-02-02;null;null;null;null;null;null;null;null;null;
2021-02-03;null;null;0;37;29,6;21,8;70;75;null;
2021-02-04;null;null;0;35;29,4;25,2;74;68;null;
2021-02-05;null;null;0;36,1;29,9;24,6;67;73;null;
2021-02-06;null;null;0;35,7;29,9;24,7;69;64;null;
2021-02-07;null;null;null;null;null;null;null;65;null;
2021-02-08;null;null;0;37,3;29,9;26,2;73;82;null;
2021-02-09;null;null;2,2;30,5;26,1;22;84;69;null;
2021-02-10;null;null;0;35;28,9;23,2;77;79;null;
2021-02-11;null;null;0;34,4;27,6;25,5;83;71;null;
2021-02-12;null;null;2;33,4;28;24;82;83;null;
2021-02-13;null;null;13,9;31,7;26,9;23,8;86;78;null;
2021-02-14;null;null;null;null;null;null;null;83;null;
2021-02-15;null;null;13,4;26,4;24;20,6;93;96;null;
2021-02-16;null;null;11,5;28,4;25;23,5;95;93;null;
2021-02-17;null;null;30;29,5;25;23,4;95;95;null;
2021-02-18;null;null;14,4;30,4;26,5;23,4;87;91;null;
2021-02-19;null;null;28,7;27,5;24,8;23;90;86;null;
2021-02-20;null;null;,2;32,3;26,8;24,2;83;88;null;
2021-02-21;null;null;null;null;null;null;null;79;null;
2021-02-22;null;null;6,4;30,9;25,7;24,2;91;88;null;
2021-02-23;null;null;4,8;31,7;26,7;24,2;85;86;null;
2021-02-24;null;null;1;30,4;26,6;24,6;96;81;null;
2021-02-25;null;null;0;33;26,5;24,6;92;86;null;
2021-02-26;null;null;52;32,2;25,1;23,9;97;95;null;
2021-02-27;null;null;74,5;30,2;null;null;89;95;null;
2021-02-28;null;null;null;null;null;null;null;87;null;
2021-03-01;null;null;35,2;29,6;null;null;95;96;null;
2021-03-02;null;null;4,9;28,8;null;null;93;94;null;
2021-03-03;null;null;8,8;31,5;27;24,5;85;92;null;
2021-03-04;null;null;2,8;32;null;null;94;80;null;
2021-03-05;null;null;12,6;31,1;null;null;94;93;null;
2021-03-06;null;null;0;33,2;null;null;92;80;null;
2021-03-07;null;null;null;null;null;null;null;95;null;
2021-03-08;null;null;0;31,9;27,4;24,9;76;81;null;
2021-03-09;null;null;0;32,8;27,2;23,7;84;74;null;
2021-03-10;null;null;3,8;32,4;27,2;23;80;84;null;
2021-03-11;null;null;0;32,3;27,5;24,5;86;75;null;
2021-03-12;null;null;0;32,8;27,8;24,2;81;86;null;
2021-03-13;null;null;,2;33,9;28,8;25,2;80;77;null;
2021-03-14;null;null;null;null;null;null;null;78;null;
2021-03-15;null;null;14,2;32;26,3;22,6;88;95;null;
2021-03-16;null;null;0;33,5;27,5;24,7;85;85;null;
2021-03-17;null;null;0;33,4;27,5;24,2;85;82;null;
2021-03-18;null;null;31;null;null;22,4;null;86;null;
2021-03-19;null;null;0;31,5;25;22,6;94;76;null;
2021-03-20;null;null;14,5;29,7;24,6;21,7;94;95;null;
2021-03-21;null;null;null;null;null;null;null;95;null;
2021-03-22;null;null;8,7;30,6;25,9;22,8;88;94;null;
2021-03-23;null;null;1,1;32;27,1;23,8;84;86;null;
2021-03-24;null;null;0;33;26,9;24,4;87;82;null;
2021-03-25;null;null;1,9;31,4;25,2;24,1;95;87;null;
2021-03-26;null;null;86,5;31,3;25,7;22,6;90;91;null;
2021-03-27;null;null;1,7;31,7;25,2;23,5;91;89;null;
2021-03-28;null;null;null;null;null;null;null;93;null;
2021-03-29;null;null;0;32,9;27,4;22,6;85;90;null;
2021-03-30;null;null;0;32,3;27,8;24,6;84;82;null;
2021-03-31;null;null;27;32,5;26,5;24,4;92;86;null;
2021-04-01;null;null;5,3;null;null;24,3;null;67;null;
2021-04-02;null;null;0;null;null;24,2;null;88;null;
2021-04-03;null;null;null;null;null;null;null;null;null;
2021-04-04;null;null;null;null;null;null;null;null;null;
2021-04-05;null;null;3,7;33,3;27,7;23,5;85;85;null;
2021-04-06;null;null;0;33,3;27,5;23,5;83;84;null;
2021-04-07;null;null;0;34,5;28,3;22,9;76;69;null;
2021-04-08;null;null;0;34,8;28,5;22,9;75;74;null;
2021-04-09;null;null;0;32,5;27,1;22,9;85;76;null;
2021-04-10;null;null;0;34,3;27,3;22,6;85;82;null;
2021-04-11;null;null;null;null;null;null;null;87;null;
2021-04-12;null;null;15,2;32,9;27,8;23,5;86;88;null;
2021-04-13;null;null;4,9;32,8;27,5;22,9;89;85;null;
2021-04-14;null;null;0;34,2;29;25,1;78;79;null;
2021-04-15;null;null;6,6;33;26,9;24,2;96;77;null;
2021-04-16;null;null;7,8;32;26,5;24;88;95;null;
2021-04-17;null;null;4,6;32,6;27,7;23,9;87;82;null;
2021-04-18;null;null;null;null;null;null;null;87;null;
2021-04-19;null;null;15,3;27,4;24,7;22,2;96;99;null;
2021-04-20;null;null;0;31,4;26,6;24,4;86;92;null;
2021-04-21;null;null;0;32,5;27,3;23,5;87;90;null;
2021-04-22;null;null;0;29,4;26,6;25;91;83;null;
2021-04-23;null;null;3;31,6;26,7;23,7;87;92;null;
2021-04-24;null;null;0;33,2;28,2;24,4;87;82;null;
2021-04-25;null;null;null;null;null;null;null;90;null;
2021-04-26;null;null;7,9;33,4;27,8;23,8;87;85;null;
2021-04-27;null;null;0;32,7;28,2;24,6;84;83;null;
2021-04-28;null;null;0;33;28,7;26;84;84;null;
2021-04-29;null;null;0;33,3;27,9;25,4;84;81;null;
2021-04-30;null;null;1;33,2;27,5;24;85;85;1;
2021-05-01;null;null;0;33,6;28;25;86;86;null;
2021-05-02;null;null;null;null;null;null;null;85;null;
2021-05-03;null;null;7,9;32,8;27,5;24,4;85;90;null;
2021-05-04;null;null;0;33,3;27,1;24,2;87;84;null;
2021-05-05;null;null;4,6;31,6;25,9;23,1;87;85;null;
2021-05-06;null;null;4,1;30,9;26,5;23,5;88;85;null;
2021-05-07;null;null;0;32,4;27;23,8;85;85;null;
2021-05-08;null;null;0;32,3;28,3;24,6;84;79;null;
2021-05-09;null;null;null;null;null;null;null;84;null;
2021-05-10;null;null;0;32,5;27,6;23,9;81;79;null;
2021-05-11;null;null;0;31;26,9;23,5;81;76;null;
2021-05-12;null;null;0;33,3;27,1;22,3;80;75;null;
2021-05-13;null;null;0;34,1;28,6;23,7;78;74;null;
2021-05-14;null;null;37,3;31;26;23,5;87;81;null;
2021-05-15;null;null;6,8;30;26,2;22,8;87;89;null;
2021-05-16;null;null;null;null;null;null;null;87;null;
2021-05-17;null;null;5;31,2;27,2;23,8;85;92;null;
2021-05-18;null;null;0;33,3;27,9;24,5;84;83;null;
2021-05-19;null;null;0;33,1;27,9;24,8;83;84;null;
2021-05-20;null;null;0;35;29,2;25,2;81;76;null;
2021-05-21;null;null;0;34,9;29,2;25,1;83;80;null;
2021-05-22;null;null;0;34;28,6;25,2;84;85;null;
2021-05-23;null;null;null;null;null;null;null;84;null;
2021-05-24;null;null;0;35,5;28,7;23,9;83;82;null;
2021-05-25;null;null;0;34,6;28,6;24,7;81;83;null;
2021-05-26;null;null;0;35,4;28,4;23,5;80;80;null;
2021-05-27;null;null;0;34,2;27,5;22,9;76;71;null;
2021-05-28;null;null;0;35;27,8;22,4;79;76;null;
2021-05-29;null;null;0;35,5;28,4;23,4;80;76;null;
2021-05-30;null;null;null;null;null;null;null;82;null;
2021-05-31;null;null;0;34,9;27,9;22,4;80;78;null;
2021-06-01;2,1;null;0;35,5;28,9;25,2;81;82;null;
2021-06-02;3,4;null;0;33,6;28,4;24,8;83;78;null;
2021-06-03;1,8;null;11,1;32,4;26,4;21,9;88;80;null;
2021-06-04;3,5;null;,3;33,7;28,1;23,9;null;82;null;
2021-06-05;1,7;null;10,2;32,8;27,1;22,9;84;82;null;
2021-06-06;null;null;null;null;null;null;null;84;null;
2021-06-07;null;null;0;34,3;28,1;23,3;78;84;null;
2021-06-08;3,1;null;0;31,1;27,7;24,9;83;79;null;
2021-06-09;1,3;null;0;32,9;28;25,2;83;81;null;
2021-06-10;2,7;null;0;33,2;27,6;24,6;83;82;null;
2021-06-11;3,7;null;0;34,6;28,7;25,1;82;77;null;
2021-06-12;2,1;null;0;33;27,3;25;84;81;null;
2021-06-13;null;null;null;null;null;null;null;81;null;
2021-06-14;null;null;0;33;27,1;23,8;83;87;null;
2021-06-15;null;null;0;33,5;27,4;24;84;82;null;
2021-06-16;2,9;null;0;33,7;27,9;23,8;81;78;null;
2021-06-17;3,7;null;0;33,6;28,3;24;79;80;null;
2021-06-18;3,5;null;8,5;32,5;26,9;24,5;85;79;null;
2021-06-19;3,2;null;,1;33;27,3;23,6;79;81;null;
2021-06-20;null;null;null;null;null;null;null;75;null;
2021-06-21;null;null;0;34,5;27,7;23;81;82;null;
2021-06-22;4,3;null;0;34;28,2;23;79;78;null;
2021-06-23;5,7;null;0;34;28,2;24,8;80;78;null;
2021-06-24;4,6;null;0;33,9;27,3;23;83;79;null;
2021-06-25;4,1;null;0;34,2;27,5;22,9;79;83;null;
2021-06-26;5,8;null;0;33,1;27,2;22,9;82;76;null;
2021-06-27;null;null;null;null;null;null;null;81;null;
2021-06-28;null;null;0;34,7;26,6;21,3;82;87;null;
2021-06-29;4,7;null;0;34,8;27,3;20,5;77;80;null;
2021-06-30;5,7;null;0;34,2;29;24,4;77;74;null;
2021-07-01;6,4;null;0;34,8;28,3;24,3;77;76;null;
2021-07-02;3,7;null;14,3;30;25,9;21,9;85;78;null;
2021-07-03;3,8;null;0;32;27,2;24,2;81;80;null;
2021-07-04;null;null;null;null;null;null;null;80;null;
2021-07-05;null;null;0;34,2;27,6;22,1;79;76;null;
2021-07-06;5,3;null;0;34,9;27,9;22,1;80;80;null;
2021-07-07;4,8;null;0;33,5;27,3;23,8;83;80;null;
2021-07-08;3,2;null;3,4;34,5;27,7;24,2;81;80;null;
2021-07-09;5,3;null;0;34,5;27,3;23,4;80;77;null;
2021-07-10;6,2;null;0;35,1;28,5;23;75;77;null;
2021-07-11;null;null;null;null;null;null;null;73;null;
2021-07-12;null;null;0;35,7;28,7;24;74;72;null;
2021-07-13;4,7;null;0;35,6;28,6;24;71;71;null;
2021-07-14;6;null;0;35,5;28,1;21,9;70;66;null;
2021-07-15;6,2;null;0;34;28;23,4;77;72;null;
2021-07-16;5,6;null;0;35,8;28,5;23,1;77;75;null;
2021-07-17;4,6;null;0;36;28,7;23,8;76;78;null;
2021-07-18;null;null;null;null;null;null;null;75;null;
2021-07-19;null;null;0;36,7;29,1;25;78;80;null;
2021-07-20;4,5;null;0;36,7;29;24,6;81;75;null;
2021-07-21;2,5;null;6,9;33,5;28,2;24,2;83;78;null;
2021-07-22;3,2;null;0;35,5;27,8;22,1;76;72;null;
2021-07-23;3,8;null;0;35,7;27,7;22,2;71;68;null;
2021-07-24;4,5;null;0;35,7;27,5;21;76;70;null;
2021-07-25;null;null;null;null;null;null;null;75;null;
2021-07-26;null;null;0;34,8;27,1;19,9;74;80;null;
2021-07-27;4,1;null;0;35,9;28,4;22,6;77;73;null;
2021-07-28;5;null;0;35,9;29,1;24;74;73;null;
2021-07-29;4,1;null;0;35,6;28,9;25,4;77;72;null;
2021-07-30;4,1;null;0;35,9;29,1;24,3;77;74;null;
2021-07-31;3,2;null;0;35,9;28,2;23,1;76;75;null;
2021-08-01;null;null;null;null;null;null;null;72;null;
2021-08-02;null;null;0;36,6;27,2;20,2;75;74;null;
2021-08-03;4,3;null;0;37,4;28,1;20,4;72;74;null;
2021-08-04;6,1;null;0;37;28;22,3;78;69;null;
2021-08-05;5,3;null;0;37;28,5;23,6;69;69;null;
2021-08-06;6,3;null;0;37,5;29,3;25,4;73;68;null;
2021-08-07;6,1;null;0;37,2;29,3;22,4;null;69;null;
2021-08-08;null;null;null;null;null;null;null;69;null;
2021-08-09;null;null;0;37,5;29;21,4;69;69;null;
2021-08-10;6,7;null;0;37,8;29,7;23,1;73;69;null;
2021-08-11;6,5;null;0;39;30,9;26,2;72;72;null;
2021-08-12;6,6;null;0;37,5;30,2;24,8;72;70;null;
2021-08-13;5;null;0;37;29,8;25,3;72;68;null;
2021-08-14;5,1;null;0;39,2;29,7;23,8;72;71;null;
2021-08-15;null;null;null;null;null;null;null;66;null;
2021-08-16;null;null;0;38,7;29,5;24,7;73;75;null;
2021-08-17;4,3;null;0;37,6;29,1;24,1;71;71;null;
2021-08-18;4,7;null;0;38,9;28,8;22,1;73;68;null;
2021-08-19;4,6;null;0;37,5;28,4;20,5;66;67;null;
2021-08-20;5,9;null;0;38,1;29,5;21,9;69;62;null;
2021-08-21;6,7;null;0;36,8;29,8;24,8;70;65;null;
2021-08-22;null;null;null;31,6;null;null;null;68;null;
2021-08-23;null;null;0;39,5;30,6;23,1;69;77;null;
2021-08-24;4,4;null;0;38;30,8;23;70;64;null;
2021-08-25;4,3;null;0;36,9;31;26,8;72;67;null;
2021-08-26;3,7;null;0;40;31,5;26,2;71;69;null;
2021-08-27;4,2;null;0;39,5;31,7;24,8;68;66;null;
2021-08-28;4,3;null;0;38,2;30,6;24,3;69;65;null;
2021-08-29;null;null;null;null;null;null;null;65;null;
2021-08-30;null;null;0;39,2;30,6;23,5;72;77;null;
2021-08-31;3,9;null;0;38;30,3;24,3;73;68;null;
2021-09-01;3,8;null;0;38;30,6;25,9;70;68;null;
2021-09-02;4,1;null;0;38,7;30,7;25,2;72;66;null;
2021-09-03;3,9;null;0;38,6;31,1;24,5;70;66;null;
2021-09-04;4,4;null;0;39;31,4;24,2;68;67;null;
2021-09-05;null;null;null;null;null;null;null;66;null;
2021-09-06;null;null;0;40,7;31,8;24,1;69;80;null;
2021-09-07;4;null;2,4;38,9;30,6;25,6;76;64;null;
2021-09-08;4,3;null;0;38,8;31,2;26,1;74;72;null;
2021-09-09;3,5;null;0;38,5;30,4;24,6;73;71;null;
2021-09-10;3,9;null;0;40,6;31,2;24,7;73;65;null;
2021-09-11;4,2;null;0;38,6;31,2;26;71;67;null;
2021-09-12;null;null;null;null;null;null;null;67;null;
2021-09-13;null;null;0;40;31,5;24,1;69;78;null;
2021-09-14;5,9;null;0;39,4;31,5;25,4;72;63;null;
2021-09-15;3,8;null;14,6;38,1;29,6;25;79;69;null;
2021-09-16;4,3;null;0;39,1;29,3;25,3;84;80;null;
2021-09-17;4,4;null;,8;38,5;30,4;24,5;76;82;null;
2021-09-18;6;null;0;38,6;30,7;24,4;72;70;null;
2021-09-19;null;null;null;null;null;null;null;68;null;
2021-09-20;null;null;0;39,9;31,5;24,9;69;75;null;
2021-09-21;4,8;null;2,1;39,9;31,4;25,8;72;67;null;
2021-09-22;4,6;null;0;38,8;31,5;25,3;null;69;null;
2021-09-23;8,6;null;0;39,6;31,8;26;67;64;null;
2021-09-24;null;null;0;37,9;null;26,8;null;62;null;
2021-09-25;null;null;14,7;null;null;null;null;null;null;
2021-09-26;null;null;4;37,9;null;null;null;null;null;
2021-09-27;null;null;1,4;29,7;null;25;null;73;null;
2021-09-28;3,6;null;13,2;37,6;null;24,9;null;92;null;
2021-09-29;3,4;null;0;null;null;25,4;null;81;null;
2021-09-30;4;null;0;37,5;null;26,1;null;76;null;
2021-10-01;4,3;null;0;37,9;null;23,7;null;86;null;
2021-10-02;4,5;null;0;35,5;28,8;23,4;75;85;null;
2021-10-03;null;null;null;null;null;null;null;79;null;
2021-10-04;null;null;0;39,8;31,4;24,3;67;70;null;
2021-10-05;null;null;0;41,5;31,9;24,6;72;64;null;
2021-10-06;8,5;null;0;40,6;31,5;25,6;68;70;null;
2021-10-07;7,7;null;0;31,8;30;26,4;71;65;null;
2021-10-08;8,6;null;0;39,7;31,8;25,6;68;68;null;
2021-10-09;7,6;null;0;39,5;30,3;26,2;71;67;null;
2021-10-10;null;null;,2;null;null;null;null;70;null;
2021-10-11;null;null;0;37,8;31,1;25,1;67;67;null;
2021-10-12;5,9;null;0;39,1;31,6;25,5;68;65;null;
2021-10-13;8,8;null;0;40,5;32,2;25,8;65;65;null;
2021-10-14;6,8;null;0;38,6;31,8;25,7;65;63;null;
2021-10-15;7,6;null;0;38,9;27,7;23;90;64;null;
2021-10-16;null;null;26,3;38,2;30,3;22,7;70;77;null;
2021-10-17;null;null;null;null;null;null;null;65;null;
2021-10-18;null;null;0;39,2;null;26;null;73;null;
2021-10-19;3,4;null;53,8;null;null;25;null;87;null;
2021-10-20;2,2;null;0;null;null;26,3;null;81;null;
2021-10-21;1,6;null;1,6;33;27,9;26;90;81;null;
2021-10-22;1,8;null;4,1;36,9;29,9;25,3;74;76;null;
2021-10-23;4,6;null;0;32,8;28,3;26,4;83;74;null;
2021-10-24;null;null;null;null;null;null;null;84;null;
2021-10-25;null;null;0;38,8;31,1;25,1;69;71;null;
2021-10-26;11,2;null;0;38,7;31;26,5;71;68;null;
2021-10-27;12,1;null;0;38,6;31;26;72;68;null;
2021-10-28;6,2;null;0;39;30,9;26,7;70;64;null;
2021-10-29;null;null;0;39,5;30,8;26,1;75;65;null;
2021-10-30;5,5;null;0;36,2;29;25,3;81;70;null;
2021-10-31;null;null;null;null;null;null;null;81;null;
2021-11-01;null;null;0;37,7;30,1;25,3;73;75;null;
2021-11-02;3,7;null;0;35,9;29,7;26,5;74;73;null;
2021-11-03;2,6;null;9,7;36,3;30;25,8;74;73;null;
2021-11-04;2,5;null;6;34,7;28,4;24,4;82;72;null;
2021-11-05;2;null;1,8;33,9;28;24,5;83;81;null;
2021-11-06;2,2;null;0;36,7;30;25,2;73;72;null;
2021-11-07;null;null;null;null;null;null;null;72;null;
2021-11-08;null;null;0;37,9;30,2;24,5;72;76;null;
2021-11-09;2,7;null;15,3;32,7;27,9;25,5;83;70;null;
2021-11-10;1,9;null;21,6;33,3;28,1;25;81;79;null;
2021-11-11;2,2;null;0;35,7;29,3;24,6;74;70;null;
2021-11-12;2,9;null;0;37,5;30;24,9;74;75;null;
2021-11-13;2,9;null;0;35,8;28,6;25,2;85;72;null;
2021-11-14;null;null;17,5;null;null;null;null;89;null;
2021-11-15;null;null;12,7;32,7;27,5;23,4;81;81;null;
2021-11-16;4;null;,7;34,1;28,7;25,4;74;70;null;
2021-11-17;4,7;null;0;35,6;29;24,3;77;75;null;
2021-11-18;7,1;null;0;36,6;29,7;25,4;75;76;null;
2021-11-19;3,8;null;0;36,7;30,2;25,4;73;73;null;
2021-11-20;5,2;null;0;37,2;30,2;26,4;77;74;null;
2021-11-21;null;null;null;null;null;null;null;79;null;
2021-11-22;null;null;0;38,4;30,2;24,8;72;77;null;
2021-11-23;2,8;null;0;33;28,5;26,4;79;68;null;
2021-11-24;6,1;null;4,2;37,5;29,6;24;74;82;null;
2021-11-25;2,8;null;0;34,7;29,2;26,1;75;70;null;
2021-11-26;9,6;null;0;37,3;28,5;25,2;88;73;null;
2021-11-27;3,5;null;9,9;35,7;29,4;25,2;75;81;null;
2021-11-28;null;null;null;null;null;null;null;72;null;
2021-11-29;null;null;,5;36,8;29,6;26,1;76;87;null;
2021-11-30;2,2;null;0;34,4;29,2;26;78;68;null;
2021-12-01;5;null;0;37,7;30,2;25;70;74;null;
2021-12-02;3;null;0;39,9;31,4;26,6;72;67;null;
2021-12-03;7,5;null;,9;36,7;28;25,2;88;70;null;
2021-12-04;1,8;null;89,7;30,9;26,1;22,2;88;94;null;
2021-12-05;null;null;null;null;null;null;null;84;null;
2021-12-06;null;null;5;32,4;27,7;25,3;84;85;null;
2021-12-07;1,8;null;,7;34,3;28,3;25,1;87;83;null;
2021-12-08;3,9;null;,8;33,8;29,1;26;80;82;null;
2021-12-09;7,4;null;0;33,9;28,8;26,1;84;80;null;
2021-12-10;6,9;null;0;31;27,2;25,2;88;82;null;
2021-12-11;4,3;null;7,6;33,3;28,1;25,5;88;88;null;
2021-12-12;null;null;null;null;null;null;null;87;null;
2021-12-13;null;null;0;35,8;29,4;25;78;77;null;
2021-12-14;2,2;null;0;35,6;30;25,8;78;72;null;
2021-12-15;2,7;null;0;37,3;30,4;25,8;76;77;null;
2021-12-16;3;null;0;36,3;30;26,4;75;73;null;
2021-12-17;3,1;null;0;36,6;30,1;26,3;78;73;null;
2021-12-18;5;null;0;35;29,9;26,2;77;74;null;
2021-12-19;null;null;null;null;null;null;null;75;null;
2021-12-20;null;null;0;36;29,9;26,3;80;80;null;
2021-12-21;9,9;null;0;32,8;28,7;26,5;83;74;null;
2021-12-22;11,3;null;0;37,4;30,8;25,4;75;81;null;
2021-12-23;8,3;null;0;37,9;31,4;26,8;71;70;null;
2021-12-24;null;null;1,6;34,1;29,1;25,2;81;69;null;
2021-12-25;8,5;null;0;33,1;29,1;26,7;82;76;null;
2021-12-26;null;null;null;null;null;null;null;81;null;
2021-12-27;null;null;51,5;29;26,1;23,1;91;93;null;
2021-12-28;,5;null;16,8;29,3;26,1;23,4;95;89;null;
2021-12-29;,6;null;10,5;28,9;25,8;23,3;92;93;null;
2021-12-30;1,1;null;3,8;31,6;27,5;23,8;85;89;null;
2021-12-31;3,2;null;70,7;28,9;25,2;23,9;97;81;null;
2022-01-01;,2;null;5,1;31,7;26;23,1;94;93;null;
2022-01-02;null;null;null;null;null;null;null;95;null;
2022-01-03;null;null;null;null;null;null;null;null;null;
2022-01-04;null;null;null;null;null;null;null;null;null;
2022-01-05;null;null;null;null;null;null;null;null;null;
2022-01-06;null;null;null;null;null;null;null;null;null;
2022-01-07;null;null;null;null;null;null;null;null;null;
2022-01-08;null;null;null;null;null;null;null;null;null;
2022-01-09;null;null;null;null;null;null;null;null;null;
2022-01-10;null;null;null;null;null;null;null;null;null;
2022-01-11;null;null;null;null;null;null;null;null;null;
2022-01-12;null;null;null;null;null;null;null;null;null;
2022-01-13;null;null;null;null;null;null;null;null;null;
2022-01-14;null;null;null;null;null;null;null;null;null;
2022-01-15;null;null;null;null;null;null;null;null;null;
2022-01-16;null;null;null;null;null;null;null;null;null;
2022-01-17;null;null;null;null;null;null;null;null;null;
2022-01-18;null;null;null;null;null;null;null;null;null;
2022-01-19;null;null;null;null;null;null;null;null;null;
2022-01-20;null;null;null;null;null;null;null;null;null;
2022-01-21;null;null;null;null;null;null;null;null;null;
2022-01-22;null;null;null;null;null;null;null;null;null;
2022-01-23;null;null;null;null;null;null;null;null;null;
2022-01-24;null;null;null;null;null;null;null;null;null;
2022-01-25;null;null;null;null;null;null;null;null;null;
2022-01-26;null;null;null;null;null;null;null;null;null;
2022-01-27;null;null;null;null;null;null;null;null;null;
2022-01-28;null;null;null;null;null;null;null;null;null;
2022-01-29;null;null;null;null;null;null;null;null;null;
2022-01-30;null;null;null;null;null;null;null;null;null;
2022-01-31;null;null;null;null;null;null;null;null;null;
2022-02-01;null;null;null;null;null;null;null;null;null;
2022-02-02;null;null;0;34,2;28,4;22,9;76;77;null;
2022-02-03;null;null;0;34,2;28,6;24,2;81;75;null;
2022-02-04;null;null;0;32,9;27,7;25,5;83;78;null;
2022-02-05;null;null;11,5;32,4;25,7;22,9;94;86;null;
2022-02-06;null;null;null;null;null;null;null;93;null;
2022-02-07;null;null;0;32,9;28;23,1;82;88;null;
2022-02-08;null;null;0;33,5;28,9;25,2;82;81;null;
2022-02-09;null;null;0;31;26,5;25,2;89;82;null;
2022-02-10;null;null;2,7;31,8;27,2;23,1;87;90;null;
2022-02-11;null;null;5;31,9;27;25;92;84;null;
2022-02-12;null;null;5,3;31,6;27,2;23,8;89;89;null;
2022-02-13;null;null;null;null;null;null;null;87;null;
2022-02-14;null;null;31,6;32,8;27,1;23,2;88;93;null;
2022-02-15;null;null;9,7;32;27,6;24;89;85;null;
2022-02-16;null;null;14,6;31,4;26,9;24;86;83;null;
2022-02-17;null;null;0;32,2;27,9;23,9;84;79;null;
2022-02-18;null;null;9,8;30,8;26,8;24,4;86;78;null;
2022-02-19;null;null;0;32,9;26,7;24,5;91;81;null;
2022-02-20;null;null;null;null;null;null;null;93;null;
2022-02-21;null;null;32,3;32,2;26,3;22,5;91;87;null;
2022-02-22;null;null;11;32,7;27,9;24,2;88;91;null;
2022-02-23;null;null;2,6;33,2;28;24;82;86;null;
2022-02-24;null;null;0;33,9;29,1;25,2;81;78;null;
2022-02-25;null;null;8,2;32,8;28,4;25;85;78;null;
2022-02-26;null;null;2;33,1;28,4;24,7;83;81;null;
2022-02-27;null;null;null;null;null;null;null;81;null;
2022-02-28;null;null;28,5;31,3;26,3;24,6;93;92;null;
2022-03-01;2;null;7,8;31,8;25,8;23,5;94;89;null;
2022-03-02;1;null;18,6;31,9;27,2;23,1;87;94;null;
2022-03-03;1,2;null;0;31;27,2;24;87;82;null;
2022-03-04;3,9;null;4,4;32,4;26,5;22,5;88;87;null;
2022-03-05;1,3;null;44,2;27,9;25,1;22;94;87;null;
2022-03-06;null;null;null;null;null;null;null;91;null;
2022-03-07;null;null;63;29,5;25,3;22,6;96;99;null;
2022-03-08;,4;null;26,7;32,4;27,7;23,3;85;87;null;
2022-03-09;2,5;null;5,5;32;27,4;23,4;89;83;null;
2022-03-10;1,1;null;0;32,2;25,6;23,5;95;87;null;
2022-03-11;,9;null;32,6;27,5;24,9;22,9;91;97;null;
2022-03-12;1,6;null;5,9;28,4;25,5;22,9;90;87;null;
2022-03-13;null;null;null;null;null;null;null;86;null;
2022-03-14;null;null;3,6;32,5;27,7;22,9;84;83;null;
2022-03-15;1,5;null;,8;32,4;26,7;24,4;91;83;null;
2022-03-16;3,1;null;22,8;29,2;25,5;22,9;92;91;null;
2022-03-17;2,5;null;,4;32,6;27,5;23,4;86;81;null;
2022-03-18;1,9;null;17,9;28,5;25,9;23,8;95;87;null;
2022-03-19;,3;null;20,9;30,5;26,2;22,8;92;92;null;
2022-03-20;null;null;null;null;null;null;null;90;null;
2022-03-21;null;null;0;33,7;28,1;23,8;82;83;null;
2022-03-22;3;null;12,3;31,2;26,3;24,2;90;80;null;
2022-03-23;,8;null;30,6;30,7;25,7;23,4;92;88;null;
2022-03-24;,8;null;6,7;30,5;26,6;22,7;91;93;null;
2022-03-25;1,1;null;8,3;30,9;27;25,2;80;88;null;
2022-03-26;,8;null;29,9;31,8;26,5;23,8;91;88;null;
2022-03-27;null;null;null;null;null;null;null;89;null;
2022-03-28;0;null;14,2;32,3;26,5;24,4;94;92;null;
2022-03-29;1,4;null;4,8;32,3;26,8;24,5;89;92;null;
2022-03-30;1,2;null;0;31,8;26,6;24;93;86;null;
2022-03-31;,9;null;43,9;28,4;25,1;23,4;95;93;null;
2022-04-01;,5;null;13,7;31,5;25,7;23,6;90;76;null;
2022-04-02;,7;null;31,1;31,9;26,2;23,8;85,5;74;null;
2022-04-03;null;null;0;null;null;null;null;88;null;
2022-04-04;null;null;13,1;28,9;26,3;23,6;92,5;91;null;
2022-04-05;,6;null;62,3;31,1;26,5;23,3;84,3;74;null;
2022-04-06;1;null;0;32,1;27,4;23,6;81,5;71;null;
2022-04-07;1,2;null;0;32,3;27,1;23,8;83,5;74;null;
2022-04-08;1,3;null;0;33,4;27,3;24,3;82,5;68;null;
2022-04-09;1,9;null;3,7;33,5;27,2;23,9;84,5;68;null;
2022-04-10;null;null;4,2;null;null;null;null;92;null;
2022-04-11;null;null;32,1;30,6;26,3;23,8;93;92;null;
2022-04-12;,7;null;15,6;31,7;26,8;23,7;89,8;82;null;
2022-04-13;1;null;3,6;32,5;28;24;81;69;null;
2022-04-14;1,8;null;0;33,4;28,2;24;77,3;68;null;
2022-04-15;1,9;null;0;32,2;27,4;24;84,5;78;null;
2022-04-16;1,2;null;1;29;26,3;25;89,8;83;null;
2022-04-17;null;null;13,3;null;null;null;null;91;null;
2022-04-18;null;null;34,5;30,5;26,8;24,3;93;89;null;
2022-04-19;,7;null;40;28,7;26;24,4;97;92;null;
2022-04-20;,5;null;9,2;31,9;27,6;25;92;96;null;
2022-04-21;1,3;null;0;31,5;27,4;24,8;84;89;null;
2022-04-22;1;null;0;33,3;28,6;24,2;82,3;71;null;
2022-04-23;1,6;null;13,5;31,3;25,7;23,8;94,5;86;null;
2022-04-24;null;null;35,1;null;null;null;null;97;null;
2022-04-25;null;null;0;32,4;26,7;23,1;85,3;74;null;
2022-04-26;1,4;null;10,2;31,9;27,3;24;84;73;null;
2022-04-27;1,5;null;8,6;32,4;27,7;24;82,8;69;null;
2022-04-28;3;null;0;33,5;28,4;24,6;76;71;null;
2022-04-29;1,9;null;2,7;33;28,2;23,8;78;67;null;
2022-04-30;1,3;null;11,3;32,4;27,4;23,8;83,8;72;null;
2022-05-01;null;null;null;null;null;null;null;86;null;
2022-05-02;null;null;0;33,4;28,6;24,6;79;71;null;
2022-05-03;null;null;0;34;28,9;25,1;82;73;null;
2022-05-04;null;null;0;32;27,7;25,1;86,5;83;null;
2022-05-05;null;null;8;32,6;27;23,5;84,3;70;null;
2022-05-06;null;null;6,1;33,4;27,4;23,8;88;83;null;
2022-05-07;null;null;2;33,4;27,6;24,3;81,8;69;null;
2022-05-08;null;null;null;null;null;null;null;89;null;
2022-05-09;null;null;32,1;28,4;26;24,1;89,8;86;null;
2022-05-10;null;null;0;31,4;27;24,3;83,3;70;null;
2022-05-11;null;null;13,5;30,7;26,1;22,6;92;84;null;
2022-05-12;null;null;0;33;28,1;24,4;82;79;null;
2022-05-13;null;null;2,2;32,5;27,6;24,3;88;83;null;
2022-05-14;null;null;1;33,5;28;24,8;84;85;null;
2022-05-15;null;null;null;null;null;null;null;85;null;
2022-05-16;null;null;,6;32,3;28;24,2;84;83;null;
2022-05-17;null;null;0;33,3;28,1;24;86;85;null;
2022-05-18;null;null;0;33,4;28,8;25,5;86;85;null;
2022-05-19;null;null;4,9;28,4;26,1;25,9;94;85;null;
2022-05-20;null;null;4,5;30,4;26,4;24,6;91;94;null;
2022-05-21;null;null;9;30,5;26,2;23,4;90;90;null;
2022-05-22;null;null;null;null;null;null;null;88;null;
2022-05-23;null;null;,7;31,5;27;24,1;88;90;null;
2022-05-24;null;null;0;32,5;27,1;23,7;87;88;null;
2022-05-25;null;null;0;32,8;27,7;24,3;85;86;null;
2022-05-26;null;null;0;32,4;27,4;23,4;84;84;null;
2022-05-27;null;null;0;31,2;26,9;23,7;84;85;null;
2022-05-28;null;null;0;31,5;26,7;23,3;83;80;null;
2022-05-29;null;null;null;null;null;null;null;85;null;
2022-05-30;null;null;0;33,5;28,4;23,3;84;84;null;
2022-05-31;null;null;11,3;32,9;27,7;23,3;87;76;null;
2022-06-01;null;null;25,2;31,5;26,2;23,6;86;87;null;
2022-06-02;null;null;1;31,5;26,7;23,8;87;85;null;
2022-06-03;null;null;0;31,9;26,9;24;90;84;null;
2022-06-04;null;null;41,1;28,5;24,9;22,1;92;86;null;
2022-06-05;null;null;null;null;null;null;null;89;null;
2022-06-06;null;null;6,5;28,9;25,5;23,4;89;87;null;
2022-06-07;null;null;0;32,4;26,6;22,5;85;87;null;
2022-06-08;null;null;0;32,8;27,4;23,1;86;84;null;
2022-06-09;null;null;0;33,4;27,7;23,1;84;83;null;
2022-06-10;null;null;0;33;27,4;24,2;86;83;null;
2022-06-11;null;null;1,6;32,8;27,5;23,5;84;83;null;
2022-06-12;null;null;null;null;null;null;null;84;null;
2022-06-13;null;null;0;32,6;27,6;24,2;85;85;null;
2022-06-14;null;null;1,8;32,4;27,2;25,1;86;85;null;
2022-06-15;null;null;0;32,7;27;25,1;86;80;null;
2022-06-16;null;null;3,8;32,6;26,4;21,3;84;84;null;
2022-06-17;null;null;,6;33,4;27,2;22,9;83;80;null;
2022-06-18;null;null;0;32,5;26,5;22;85;82;null;
2022-06-19;null;null;null;null;null;null;null;81;null;
2022-06-20;null;null;0;33,6;27,4;23,4;86;89;null;
2022-06-21;null;null;0;33,5;27,2;23,6;83;80;null;
2022-06-22;null;null;0;32,8;27,1;23,4;83;85;null;
2022-06-23;null;null;0;32,3;27,2;22,2;80;81;null;
2022-06-24;null;null;0;33,4;28,1;23,6;80;78;null;
2022-06-25;null;null;0;33,5;26,9;22,8;80;78;null;
2022-06-26;null;null;null;null;null;null;null;79;null;
2022-06-27;null;null;0;33,6;26,6;20,4;81;77;null;
2022-06-28;null;null;0;33,5;27;21,7;79;74;null;
2022-06-29;null;null;,6;34;28;23,4;81;80;null;
2022-06-30;null;null;0;34;28,4;24,4;81;77;null;
2022-07-01;null;null;0;33,9;28,5;24,6;81;81;null;
2022-07-02;null;null;,1;32,9;28;24,2;83;81;null;
2022-07-03;null;null;null;null;null;null;null;85;null;
2022-07-04;null;null;2,6;32;27,4;23,4;79;80;null;
2022-07-05;null;null;0;32;27,6;24;80;78;null;
2022-07-06;null;null;,7;32,9;27,1;24,4;81;79;null;
2022-07-07;null;null;0;31,4;27,4;22,8;79;79;null;
2022-07-08;null;null;,4;31,6;26,3;23,8;86;79;null;
2022-07-09;null;null;0;33,2;26,7;22,4;80;83;null;
2022-07-10;null;null;null;null;null;null;null;78;null;
2022-07-11;null;null;0;33,7;27,4;21,5;76;74;null;
2022-07-12;null;null;0;34,5;28,1;23,8;78;77;null;
2022-07-13;null;null;0;35,1;28,4;24,4;79;77;null;
2022-07-14;null;null;0;33,8;27,9;24,1;78;75;null;
2022-07-15;null;null;0;34;27,7;23;77;79;null;
2022-07-16;null;null;0;34,8;27,4;22,2;80;76;null;
2022-07-17;null;null;null;null;null;null;null;79;null;
2022-07-18;null;null;0;35,4;27,9;20,9;75;74;null;
2022-07-19;null;null;0;35;27,7;22,6;78;76;null;
2022-07-20;null;null;0;35;26,7;20,7;79;76;null;
2022-07-21;null;null;0;34,3;26,6;20,3;85;80;null;
2022-07-22;null;null;0;34,6;28,6;23,4;76;82;null;
2022-07-23;null;null;0;35,4;27,6;21,7;85;75;null;
2022-07-24;null;null;null;null;null;null;null;85;null;
2022-07-25;null;null;0;35,4;27,6;21,6;74;71;null;
2022-07-26;null;null;0;35,7;26,7;20;78;76;null;
2022-07-27;null;null;0;34,4;26,9;21,1;79;77;null;
2022-07-28;null;null;0;35,7;28,2;22,5;75;76;null;
2022-07-29;null;null;0;35,8;28,5;22,7;79;75;null;
2022-07-30;null;null;0;36,1;27,9;25;86;78;null;
2022-07-31;null;null;null;null;null;null;null;87;null;
2022-08-01;null;null;0;35,6;28,5;24,2;77;80;null;
2022-08-02;null;null;0;35,5;27,5;21;75;75;null;
2022-08-03;null;null;0;36,6;29;22,7;77;75;null;
2022-08-04;null;null;0;33,6;28,6;24,2;80;74;null;
2022-08-05;null;null;0;34,5;27,9;23,8;80;79;null;
2022-08-06;null;null;0;36,7;28,8;23,4;78;79;null;
2022-08-07;null;null;null;null;null;null;null;75;null;
2022-08-08;null;null;0;37;28,5;21,3;75;79;null;
2022-08-09;null;null;0;37,6;28,6;22,5;77;73;null;
2022-08-10;null;null;0;35,6;28,2;24,2;81;74;null;
2022-08-11;null;null;0;36,5;29,6;24,8;78;76;null;
2022-08-12;null;null;0;36,7;29,4;24,2;77;75;null;
2022-08-13;null;null;,2;34,9;28,6;25,1;79;73;null;
2022-08-14;null;null;null;null;null;null;null;75;null;
2022-08-15;null;null;0;36,5;27,5;20;76;80;null;
2022-08-16;null;null;0;36,5;27,9;20,9;74;74;null;
2022-08-17;null;null;0;36,1;28,2;21,3;75;72;null;
2022-08-18;null;null;0;36;28,7;22,7;76;75;null;
2022-08-19;null;null;0;37,5;29,9;23,3;71;71;null;
2022-08-20;null;null;0;37,3;29,2;23,1;71;71;null;
2022-08-21;null;null;null;null;null;null;null;69;null;
2022-08-22;null;null;0;35,5;27,6;19,6;74;75;null;
2022-08-23;null;null;0;36,6;28,9;21,9;73;73;null;
2022-08-24;null;null;,4;36,8;30;24,6;74;70;null;
2022-08-25;null;null;,5;36,6;29,8;25;76;74;null;
2022-08-26;null;null;0;36,8;28,7;23,1;75;72;null;
2022-08-27;null;null;0;37,3;28,6;20,5;72;72;null;
2022-08-28;null;null;null;null;null;null;null;72;null;
2022-08-29;null;null;0;38,5;30;23,7;71;82;null;
2022-08-30;null;null;0;38;29,2;24,2;75;68;null;

