Nome: CEARA MIRIM
Codigo Estacao: 82596
Latitude: -5.65333333
Longitude: -35.42583332
Altitude: 62.2
Situacao: Operante
Data Inicial: 2020-01-01
Data Final: 2024-03-31
Periodicidade da Medicao: Diaria

Data Medicao;EVAPORACAO DO PICHE, DIARIA(mm);INSOLACAO TOTAL, DIARIO(h);PRECIPITACAO TOTAL, DIARIO(mm);TEMPERATURA MAXIMA, DIARIA(°C);TEMPERATURA MEDIA COMPENSADA, DIARIA(°C);TEMPERATURA MINIMA, DIARIA(°C);UMIDADE RELATIVA DO AR, MEDIA DIARIA(%);UMIDADE RELATIVA DO AR, MINIMA DIARIA(%);VENTO, VELOCIDADE MEDIA DIARIA(m/s);
2020-01-01;null;null;null;null;null;null;null;93;null;
2020-01-02;null;null;null;null;null;null;null;null;null;
2020-01-03;null;null;null;null;null;null;null;null;null;
2020-01-04;null;null;null;null;null;null;null;null;null;
2020-01-05;null;null;null;null;null;null;null;null;null;
2020-01-06;null;null;null;null;null;null;null;null;null;
2020-01-07;null;null;null;null;null;null;null;null;null;
2020-01-08;null;null;null;null;null;null;null;null;null;
2020-01-09;null;null;null;null;null;null;null;null;null;
2020-01-10;null;null;null;null;null;null;null;null;null;
2020-01-11;null;null;null;null;null;null;null;null;null;
2020-01-12;null;null;null;null;null;null;null;null;null;
2020-01-13;null;null;null;null;null;null;null;null;null;
2020-01-14;null;null;null;null;null;null;null;null;null;
2020-01-15;null;null;null;null;null;null;null;null;null;
2020-01-16;null;null;null;null;null;null;null;null;null;
2020-01-17;null;null;null;null;null;null;null;null;null;
2020-01-18;null;null;null;null;null;null;null;null;null;
2020-01-19;null;null;null;null;null;null;null;null;null;
2020-01-20;null;null;null;null;null;null;null;null;null;
2020-01-21;null;null;null;null;null;null;null;null;null;
2020-01-22;null;null;null;null;null;null;null;null;null;
2020-01-23;null;null;null;null;null;null;null;null;null;
2020-01-24;null;null;null;null;null;null;null;null;null;
2020-01-25;null;null;null;null;null;null;null;null;null;
2020-01-26;null;null;null;null;null;null;null;null;null;
2020-01-27;null;null;null;null;null;null;null;null;null;
2020-01-28;null;null;null;null;null;null;null;null;null;
2020-01-29;null;null;null;null;null;null;null;null;null;
2020-01-30;null;null;null;null;null;null;null;null;null;
2020-01-31;null;10,4;null;30,2;null;null;95;null;2,6;
2020-02-01;null;9,6;0;30,6;27,1;21,7;89;88;3,3;
2020-02-02;null;null;null;null;null;null;null;90;null;
2020-02-03;null;9,2;5,2;31,4;27,5;23;89;87;1,5;
2020-02-04;null;9,8;1,4;31,4;26,8;21,7;85;88;3,8;
2020-02-05;null;9,8;0;30,6;27,2;21,9;87;87;3,3;
2020-02-06;null;10,2;0;31,2;27,1;22,3;89;89;2,4;
2020-02-07;null;10;0;31,6;27,6;22,3;89;86;3,8;
2020-02-08;null;10;0;31,2;27,3;22,7;84;86;2,9;
2020-02-09;null;null;null;null;null;null;null;92;null;
2020-02-10;null;10,9;0;31,1;27,4;22,1;71;92;4,2;
2020-02-11;null;8,2;0;31,4;27,5;22,5;88;87;4,2;
2020-02-12;null;9,6;0;31,4;27,6;22,3;null;85;3,3;
2020-02-13;null;1,4;15,2;29;25,4;21,7;93;88;2,5;
2020-02-14;null;10,3;22,5;31,2;26,7;22,2;88;93;4,3;
2020-02-15;null;10,6;0;31,6;27,2;22;81;84;2,9;
2020-02-16;null;null;null;null;null;null;null;87;null;
2020-02-17;null;9,2;3,6;31,6;27,9;22,8;85;92;3,3;
2020-02-18;null;,3;0;31,2;27,7;23,9;91;86;4,2;
2020-02-19;null;3,2;0;30,8;27,7;23,1;86;87;3,3;
2020-02-20;null;5;57;30,2;27;22,9;93;92;3,3;
2020-02-21;null;9;9,8;31,2;27,1;22,2;94;94;2,5;
2020-02-22;null;10,2;0;31,6;27,3;22,5;92;90;2,8;
2020-02-23;null;null;null;null;null;null;null;94;null;
2020-02-24;null;9,8;2,6;31,4;27,5;24;94;94;3,3;
2020-02-25;null;9,8;0;31,4;27,1;21,3;74;89;2,9;
2020-02-26;null;10,2;0;32,2;28,1;22,8;85;83;3,4;
2020-02-27;null;10;0;31,9;27,6;22,3;86;87;2,7;
2020-02-28;null;10,4;2,6;30,4;26,7;22,3;85;87;3,4;
2020-02-29;null;8,8;15,4;29,6;25,3;21,7;90;93;2,9;
2020-03-01;null;null;null;null;null;null;null;93;null;
2020-03-02;null;9;21,8;30,4;26,6;22,7;92;90;2,6;
2020-03-03;null;9,8;0;30,2;26,8;22,6;87;88;2,3;
2020-03-04;null;8,6;0;30;26,2;22,3;92;89;2,8;
2020-03-05;null;1,6;0;31,4;27,3;22,1;82;89;3,1;
2020-03-06;null;9,6;15,4;31,9;26,8;20,5;82;87;3,1;
2020-03-07;null;8,4;6,2;29,6;25,8;21,9;92;82;2,3;
2020-03-08;null;null;null;null;null;null;null;93;null;
2020-03-09;null;9,6;0;31,2;27;22;87;88;2,1;
2020-03-10;null;10;0;31,2;26,7;22,1;85;87;2,3;
2020-03-11;null;8,9;0;31;26,8;22,1;93;83;2,3;
2020-03-12;null;1,2;20,2;27;24,6;22;84;85;2,3;
2020-03-13;null;3,6;91;27,9;25;21,9;93;93;1,8;
2020-03-14;null;null;0;null;null;22,1;null;85;2,6;
2020-03-15;null;null;null;null;null;null;null;null;null;
2020-03-16;null;9,6;12,2;30,6;26;22;95;94;2,1;
2020-03-17;null;9,6;0;30,8;26,5;22,2;89;97;2,8;
2020-03-18;null;9,2;0;30,9;27,4;22,6;85;91;3,3;
2020-03-19;null;9,8;0;31,2;26,6;21,2;81;83;2,8;
2020-03-20;null;9;0;31,2;27;21,9;86;80;3,3;
2020-03-21;null;9,6;0;31,4;27,2;22;88;82;2,8;
2020-03-22;null;null;null;null;null;null;null;94;null;
2020-03-23;null;9,8;0;30,8;26,6;22,1;91;90;2,8;
2020-03-24;null;9,9;0;31,6;27,2;22;82;83;3,1;
2020-03-25;null;7,4;0;29,6;26,2;22;88;92;2,3;
2020-03-26;null;null;36,8;null;null;22,3;null;87;4,1;
2020-03-27;null;null;null;null;null;null;null;null;null;
2020-03-28;null;null;null;null;null;null;null;null;null;
2020-03-29;null;null;null;null;null;null;null;null;null;
2020-03-30;null;null;null;null;null;null;null;null;null;
2020-03-31;null;null;null;null;null;null;null;null;null;
2020-04-01;null;null;null;null;null;null;null;null;null;
2020-04-02;null;null;null;null;null;null;null;null;null;
2020-04-03;null;null;null;null;null;null;null;null;null;
2020-04-04;null;null;null;null;null;null;null;null;null;
2020-04-05;null;null;null;null;null;null;null;null;null;
2020-04-06;null;null;null;null;null;null;null;null;null;
2020-04-07;null;null;null;null;null;null;null;null;null;
2020-04-08;null;null;null;null;null;null;null;null;null;
2020-04-09;null;null;null;null;null;null;null;null;null;
2020-04-10;null;null;null;null;null;null;null;null;null;
2020-04-11;null;null;null;null;null;null;null;null;null;
2020-04-12;null;null;null;null;null;null;null;null;null;
2020-04-13;null;null;null;null;null;null;null;null;null;
2020-04-14;null;null;null;null;null;null;null;null;null;
2020-04-15;null;null;null;null;null;null;null;null;null;
2020-04-16;null;null;null;null;null;null;null;null;null;
2020-04-17;null;null;null;null;null;null;null;null;null;
2020-04-18;null;null;null;null;null;null;null;null;null;
2020-04-19;null;null;null;null;null;null;null;null;null;
2020-04-20;null;null;null;null;null;null;null;null;null;
2020-04-21;null;null;null;null;null;null;null;null;null;
2020-04-22;null;null;null;null;null;null;null;null;null;
2020-04-23;null;null;null;null;null;null;null;null;null;
2020-04-24;null;null;null;null;null;null;null;null;null;
2020-04-25;null;null;null;null;null;null;null;null;null;
2020-04-26;null;null;null;null;null;null;null;48;null;
2020-04-27;null;null;null;null;null;null;null;null;null;
2020-04-28;null;null;null;null;null;null;null;null;null;
2020-04-29;null;null;null;null;null;null;null;null;null;
2020-04-30;null;null;null;null;null;null;null;null;null;
2020-05-01;null;null;null;null;null;null;null;null;null;
2020-05-02;null;null;null;null;null;null;null;null;null;
2020-05-03;null;null;null;null;null;null;null;null;null;
2020-05-04;null;null;null;null;null;null;null;null;null;
2020-05-05;null;null;null;null;null;null;null;null;null;
2020-05-06;null;null;null;null;null;null;null;null;null;
2020-05-07;null;null;null;null;null;null;null;null;null;
2020-05-08;null;null;null;null;null;null;null;null;null;
2020-05-09;null;null;null;null;null;null;null;null;null;
2020-05-10;null;null;null;null;null;null;null;null;null;
2020-05-11;null;null;null;null;null;null;null;null;null;
2020-05-12;null;null;null;null;null;null;null;null;null;
2020-05-13;null;null;null;null;null;null;null;null;null;
2020-05-14;null;null;null;null;null;null;null;null;null;
2020-05-15;null;null;null;null;null;null;null;null;null;
2020-05-16;null;null;null;null;null;null;null;null;null;
2020-05-17;null;null;null;null;null;null;null;null;null;
2020-05-18;null;null;null;null;null;null;null;null;null;
2020-05-19;null;null;null;null;null;null;null;null;null;
2020-05-20;null;null;null;null;null;null;null;null;null;
2020-05-21;null;null;null;null;null;null;null;null;null;
2020-05-22;null;null;null;null;null;null;null;null;null;
2020-05-23;null;null;null;null;null;null;null;null;null;
2020-05-24;null;null;null;null;null;null;null;57;3,1;
2020-05-25;null;null;null;null;null;null;null;null;null;
2020-05-26;null;null;null;null;null;null;null;null;null;
2020-05-27;null;null;null;null;null;null;null;null;null;
2020-05-28;null;null;null;null;null;null;null;null;null;
2020-05-29;null;null;null;null;null;null;null;null;null;
2020-05-30;null;null;null;null;null;null;null;null;null;
2020-05-31;null;null;null;null;null;null;null;null;null;
2020-06-01;null;null;null;null;null;null;null;null;null;
2020-06-02;null;null;null;null;null;null;null;null;null;
2020-06-03;null;null;null;null;null;null;null;null;null;
2020-06-04;null;null;null;null;null;null;null;null;null;
2020-06-05;null;null;null;null;null;null;null;null;null;
2020-06-06;null;null;null;null;null;null;null;null;null;
2020-06-07;null;null;null;null;null;null;null;null;null;
2020-06-08;null;null;null;null;null;null;null;null;null;
2020-06-09;null;null;null;null;null;null;null;null;null;
2020-06-10;null;null;null;null;null;null;null;null;null;
2020-06-11;null;null;null;null;null;null;null;null;null;
2020-06-12;null;null;null;null;null;null;null;null;null;
2020-06-13;null;null;null;null;null;null;null;null;null;
2020-06-14;null;null;null;null;null;null;null;null;null;
2020-06-15;null;null;null;null;null;null;null;null;null;
2020-06-16;null;null;null;null;null;null;null;null;null;
2020-06-17;null;null;null;null;null;null;null;null;null;
2020-06-18;null;null;null;null;null;null;null;null;null;
2020-06-19;null;null;null;null;null;null;null;null;null;
2020-06-20;null;null;null;null;null;null;null;null;null;
2020-06-21;null;null;null;null;null;null;null;null;null;
2020-06-22;null;null;null;null;null;null;null;null;null;
2020-06-23;null;null;null;null;null;null;null;null;null;
2020-06-24;null;null;null;null;null;null;null;null;null;
2020-06-25;null;null;null;null;null;null;null;null;null;
2020-06-26;null;null;null;null;null;null;null;null;null;
2020-06-27;null;null;null;null;null;null;null;null;null;
2020-06-28;null;null;null;null;null;null;null;null;null;
2020-06-29;null;null;null;null;null;null;null;null;null;
2020-06-30;null;null;null;null;null;null;null;null;null;
2020-07-01;null;null;null;null;null;null;null;null;null;
2020-07-02;null;null;null;null;null;null;null;null;null;
2020-07-03;null;null;null;null;null;null;null;null;null;
2020-07-04;null;null;null;null;null;null;null;null;null;
2020-07-05;null;null;null;null;null;null;null;null;null;
2020-07-06;null;null;null;null;null;null;null;null;null;
2020-07-07;null;null;null;null;null;null;null;null;null;
2020-07-08;null;null;null;null;null;null;null;null;null;
2020-07-09;null;null;null;null;null;null;null;null;null;
2020-07-10;null;null;null;null;null;null;null;null;null;
2020-07-11;null;null;null;null;null;null;null;null;null;
2020-07-12;null;null;null;null;null;null;null;null;null;
2020-07-13;null;null;null;null;null;null;null;null;null;
2020-07-14;null;null;null;null;null;null;null;null;null;
2020-07-15;null;null;null;null;null;null;null;null;null;
2020-07-16;null;null;null;null;null;null;null;null;null;
2020-07-17;null;null;null;null;null;null;null;null;null;
2020-07-18;null;null;null;null;null;null;null;null;null;
2020-07-19;null;null;null;null;null;null;null;null;null;
2020-07-20;null;null;null;null;null;null;null;null;null;
2020-07-21;null;null;null;null;null;null;null;null;null;
2020-07-22;null;null;null;null;null;null;null;null;null;
2020-07-23;null;null;null;null;null;null;null;null;null;
2020-07-24;null;null;null;null;null;null;null;null;null;
2020-07-25;null;null;null;null;null;null;null;null;null;
2020-07-26;null;null;null;null;null;null;null;null;null;
2020-07-27;null;null;null;null;null;null;null;null;null;
2020-07-28;null;null;null;null;null;null;null;null;null;
2020-07-29;null;null;null;null;null;null;null;null;null;
2020-07-30;null;null;null;null;null;null;null;null;null;
2020-07-31;null;null;null;null;null;null;null;null;null;
2020-08-01;null;null;null;null;null;null;null;null;null;
2020-08-02;null;null;null;null;null;null;null;null;null;
2020-08-03;null;null;null;null;null;null;null;null;null;
2020-08-04;null;null;null;null;null;null;null;null;null;
2020-08-05;null;null;null;null;null;null;null;null;null;
2020-08-06;null;null;null;null;null;null;null;null;null;
2020-08-07;null;null;null;null;null;null;null;null;null;
2020-08-08;null;null;null;null;null;null;null;null;null;
2020-08-09;null;null;null;null;null;null;null;null;null;
2020-08-10;null;null;null;null;null;null;null;null;null;
2020-08-11;null;null;null;null;null;null;null;null;null;
2020-08-12;null;null;null;null;null;null;null;null;null;
2020-08-13;null;null;null;null;null;null;null;null;null;
2020-08-14;null;null;null;null;null;null;null;null;null;
2020-08-15;null;null;null;null;null;null;null;null;null;
2020-08-16;null;null;null;null;null;null;null;null;null;
2020-08-17;null;null;null;null;null;null;null;null;null;
2020-08-18;null;null;null;null;null;null;null;null;null;
2020-08-19;null;null;null;null;null;null;null;null;null;
2020-08-20;null;null;null;null;null;null;null;null;null;
2020-08-21;null;null;null;null;null;null;null;null;null;
2020-08-22;null;null;null;null;null;null;null;null;null;
2020-08-23;null;null;null;null;null;null;null;null;null;
2020-08-24;null;null;null;null;null;null;null;null;null;
2020-08-25;null;null;null;null;null;null;null;null;null;
2020-08-26;null;null;null;null;null;null;null;null;null;
2020-08-27;null;null;null;null;null;null;null;null;null;
2020-08-28;null;null;null;null;null;null;null;null;null;
2020-08-29;null;null;null;null;null;null;null;null;null;
2020-08-30;null;null;null;null;null;null;null;null;null;
2020-08-31;null;null;null;null;null;null;null;null;null;
2020-09-01;null;null;null;null;null;null;null;null;null;
2020-09-02;null;null;null;null;null;null;null;null;null;
2020-09-03;null;null;null;null;null;null;null;null;null;
2020-09-04;null;null;null;null;null;null;null;null;null;
2020-09-05;null;null;null;null;null;null;null;null;null;
2020-09-06;null;null;null;null;null;null;null;null;null;
2020-09-07;null;null;null;null;null;null;null;null;null;
2020-09-08;null;null;null;null;null;null;null;null;null;
2020-09-09;null;null;null;null;null;null;null;null;null;
2020-09-10;null;null;null;null;null;null;null;null;null;
2020-09-11;null;null;null;null;null;null;null;null;null;
2020-09-12;null;null;null;null;null;null;null;null;null;
2020-09-13;null;null;null;null;null;null;null;null;null;
2020-09-14;null;null;null;null;null;null;null;null;null;
2020-09-15;null;null;null;null;null;null;null;null;null;
2020-09-16;null;null;null;null;null;null;null;null;null;
2020-09-17;null;null;null;null;null;null;null;null;null;
2020-09-18;null;null;null;null;null;null;null;null;null;
2020-09-19;null;null;null;null;null;null;null;null;null;
2020-09-20;null;null;null;null;null;null;null;null;null;
2020-09-21;null;null;null;null;null;null;null;null;null;
2020-09-22;null;null;null;null;null;null;null;null;null;
2020-09-23;null;null;null;null;null;null;null;null;null;
2020-09-24;null;null;null;null;null;null;null;null;null;
2020-09-25;null;null;null;null;null;null;null;null;null;
2020-09-26;null;null;null;null;null;null;null;null;null;
2020-09-27;null;null;null;null;null;null;null;null;null;
2020-09-28;null;null;null;null;null;null;null;null;null;
2020-09-29;null;null;null;null;null;null;null;null;null;
2020-09-30;null;null;null;null;null;null;null;null;null;
2020-10-01;null;null;null;null;null;null;null;null;null;
2020-10-02;null;null;null;null;null;null;null;null;null;
2020-10-03;null;null;null;null;null;null;null;null;null;
2020-10-04;null;null;null;null;null;null;null;null;null;
2020-10-05;null;null;null;null;null;null;null;null;null;
2020-10-06;null;null;null;null;null;null;null;null;null;
2020-10-07;null;null;null;null;null;null;null;null;null;
2020-10-08;null;null;null;null;null;null;null;null;null;
2020-10-09;null;null;null;null;null;null;null;null;null;
2020-10-10;null;null;null;null;null;null;null;null;null;
2020-10-11;null;null;null;null;null;null;null;null;null;
2020-10-12;null;null;null;null;null;null;null;null;null;
2020-10-13;null;null;null;null;null;null;null;null;null;
2020-10-14;null;null;null;null;null;null;null;null;null;
2020-10-15;null;null;null;null;null;null;null;null;null;
2020-10-16;null;null;null;null;null;null;null;null;null;
2020-10-17;null;null;null;null;null;null;null;null;null;
2020-10-18;null;null;null;null;null;null;null;null;null;
2020-10-19;null;null;null;null;null;null;null;null;null;
2020-10-20;null;null;null;null;null;null;null;null;null;
2020-10-21;null;null;null;null;null;null;null;null;null;
2020-10-22;null;null;null;null;null;null;null;null;null;
2020-10-23;null;null;null;null;null;null;null;null;null;
2020-10-24;null;null;null;null;null;null;null;null;null;
2020-10-25;null;null;null;null;null;null;null;null;null;
2020-10-26;null;null;null;null;null;null;null;null;null;
2020-10-27;null;null;null;null;null;null;null;null;null;
2020-10-28;null;null;null;null;null;null;null;null;null;
2020-10-29;null;null;null;null;null;null;null;null;null;
2020-10-30;null;null;null;null;null;null;null;null;null;
2020-10-31;null;null;null;null;null;null;null;null;null;
2020-11-01;null;null;null;null;null;null;null;null;null;
2020-11-02;null;null;null;null;null;null;null;null;null;
2020-11-03;null;null;null;null;null;null;null;null;null;
2020-11-04;null;null;null;null;null;null;null;null;null;
2020-11-05;null;null;null;null;null;null;null;null;null;
2020-11-06;null;null;null;null;null;null;null;null;null;
2020-11-07;null;null;null;null;null;null;null;null;null;
2020-11-08;null;null;null;null;null;null;null;null;null;
2020-11-09;null;null;null;null;null;null;null;null;null;
2020-11-10;null;null;null;null;null;null;null;null;null;
2020-11-11;null;null;null;null;null;null;null;null;null;
2020-11-12;null;null;null;null;null;null;null;null;null;
2020-11-13;null;null;null;null;null;null;null;null;null;
2020-11-14;null;null;null;null;null;null;null;null;null;
2020-11-15;null;null;null;null;null;null;null;null;null;
2020-11-16;null;null;null;null;null;null;null;null;null;
2020-11-17;null;null;null;null;null;null;null;null;null;
2020-11-18;null;null;null;null;null;null;null;null;null;
2020-11-19;null;null;null;null;null;null;null;null;null;
2020-11-20;null;null;null;null;null;null;null;null;null;
2020-11-21;null;null;null;null;null;null;null;null;null;
2020-11-22;null;null;null;null;null;null;null;null;null;
2020-11-23;null;null;null;null;null;null;null;null;null;
2020-11-24;null;null;null;null;null;null;null;null;null;
2020-11-25;null;null;null;null;null;null;null;null;null;
2020-11-26;null;null;null;null;null;null;null;null;null;
2020-11-27;null;null;null;null;null;null;null;null;null;
2020-11-28;null;null;null;null;null;null;null;null;null;
2020-11-29;null;null;null;null;null;null;null;null;null;
2020-11-30;null;null;null;null;null;null;null;null;null;
2020-12-01;null;null;null;null;null;null;null;null;null;
2020-12-02;null;null;null;null;null;null;null;null;null;
2020-12-03;null;null;null;null;null;null;null;null;null;
2020-12-04;null;null;null;null;null;null;null;null;null;
2020-12-05;null;null;null;null;null;null;null;null;null;
2020-12-06;null;null;null;null;null;null;null;null;null;
2020-12-07;null;null;null;null;null;null;null;null;null;
2020-12-08;null;null;null;null;null;null;null;null;null;
2020-12-09;null;null;null;null;null;null;null;null;null;
2020-12-10;null;null;null;null;null;null;null;null;null;
2020-12-11;null;null;null;null;null;null;null;null;null;
2020-12-12;null;null;null;null;null;null;null;null;null;
2020-12-13;null;null;null;null;null;null;null;null;null;
2020-12-14;null;null;null;null;null;null;null;null;null;
2020-12-15;null;null;null;null;null;null;null;null;null;
2020-12-16;null;null;null;null;null;null;null;null;null;
2020-12-17;null;null;null;null;null;null;null;null;null;
2020-12-18;null;null;null;null;null;null;null;null;null;
2020-12-19;null;null;null;null;null;null;null;null;null;
2020-12-20;null;null;null;null;null;null;null;null;null;
2020-12-21;null;null;null;null;null;null;null;null;null;
2020-12-22;null;null;null;null;null;null;null;null;null;
2020-12-23;null;null;null;null;null;null;null;null;null;
2020-12-24;null;null;null;null;null;null;null;null;null;
2020-12-25;null;null;null;null;null;null;null;null;null;
2020-12-26;null;null;null;null;null;null;null;null;null;
2020-12-27;null;null;null;null;null;null;null;null;null;
2020-12-28;null;null;null;null;null;null;null;null;null;
2020-12-29;null;null;null;null;null;null;null;null;null;
2020-12-30;null;null;null;null;null;null;null;null;null;
2020-12-31;null;null;null;null;null;null;null;null;null;
2021-01-01;null;null;null;null;null;null;null;null;null;
2021-01-02;null;null;null;null;null;null;null;null;null;
2021-01-03;null;null;null;null;null;null;null;null;null;
2021-01-04;null;null;null;null;null;null;null;null;null;
2021-01-05;null;null;null;null;null;null;null;null;null;
2021-01-06;null;null;null;null;null;null;null;null;null;
2021-01-07;null;null;null;null;null;null;null;null;null;
2021-01-08;null;null;null;null;null;null;null;null;null;
2021-01-09;null;null;null;null;null;null;null;null;null;
2021-01-10;null;null;null;null;null;null;null;null;null;
2021-01-11;null;null;null;null;null;null;null;null;null;
2021-01-12;null;null;null;null;null;null;null;null;null;
2021-01-13;null;null;null;null;null;null;null;null;null;
2021-01-14;null;null;null;null;null;null;null;null;null;
2021-01-15;null;null;null;null;null;null;null;null;null;
2021-01-16;null;null;null;null;null;null;null;null;null;
2021-01-17;null;null;null;null;null;null;null;null;null;
2021-01-18;null;null;null;null;null;null;null;null;null;
2021-01-19;null;null;null;null;null;null;null;null;null;
2021-01-20;null;null;null;null;null;null;null;null;null;
2021-01-21;null;null;null;null;null;null;null;null;null;
2021-01-22;null;null;null;null;null;null;null;null;null;
2021-01-23;null;null;null;null;null;null;null;null;null;
2021-01-24;null;null;null;null;null;null;null;null;null;
2021-01-25;null;null;null;null;null;null;null;null;null;
2021-01-26;null;null;null;null;null;null;null;null;null;
2021-01-27;null;null;null;null;null;null;null;null;null;
2021-01-28;null;null;null;null;null;null;null;null;null;
2021-01-29;null;null;null;null;null;null;null;null;null;
2021-01-30;null;null;null;null;null;null;null;null;null;
2021-01-31;null;null;null;null;null;null;null;null;null;
2021-02-01;null;null;null;null;null;null;null;null;null;
2021-02-02;null;null;null;null;null;null;null;null;null;
2021-02-03;null;null;null;null;null;null;null;null;null;
2021-02-04;null;null;null;null;null;null;null;null;null;
2021-02-05;null;null;null;null;null;null;null;null;null;
2021-02-06;null;null;null;null;null;null;null;null;null;
2021-02-07;null;null;null;null;null;null;null;null;null;
2021-02-08;null;null;null;null;null;null;null;null;null;
2021-02-09;null;null;null;null;null;null;null;null;null;
2021-02-10;null;null;null;null;null;null;null;null;null;
2021-02-11;null;null;null;null;null;null;null;null;null;
2021-02-12;null;null;null;null;null;null;null;null;null;
2021-02-13;null;null;null;null;null;null;null;null;null;
2021-02-14;null;null;null;null;null;null;null;null;null;
2021-02-15;null;null;null;null;null;null;null;null;null;
2021-02-16;null;null;null;null;null;null;null;null;null;
2021-02-17;null;null;null;null;null;null;null;null;null;
2021-02-18;null;null;null;null;null;null;null;null;null;
2021-02-19;null;null;null;null;null;null;null;null;null;
2021-02-20;null;null;null;null;null;null;null;null;null;
2021-02-21;null;null;null;null;null;null;null;null;null;
2021-02-22;null;null;null;null;null;null;null;null;null;
2021-02-23;null;null;null;null;null;null;null;null;null;
2021-02-24;null;null;null;null;null;null;null;null;null;
2021-02-25;null;null;null;null;null;null;null;null;null;
2021-02-26;null;null;null;null;null;null;null;null;null;
2021-02-27;null;null;null;null;null;null;null;null;null;
2021-02-28;null;null;null;null;null;null;null;null;null;
2021-03-01;null;null;null;null;null;null;null;null;null;
2021-03-02;null;null;null;null;null;null;null;null;null;
2021-03-03;null;null;null;null;null;null;null;null;null;
2021-03-04;null;null;null;null;null;null;null;null;null;
2021-03-05;null;null;null;null;null;null;null;null;null;
2021-03-06;null;null;null;null;null;null;null;null;null;
2021-03-07;null;null;null;null;null;null;null;null;null;
2021-03-08;null;null;null;null;null;null;null;null;null;
2021-03-09;null;null;null;null;null;null;null;null;null;
2021-03-10;null;null;null;null;null;null;null;null;null;
2021-03-11;null;null;null;null;null;null;null;null;null;
2021-03-12;null;null;null;null;null;null;null;null;null;
2021-03-13;null;null;null;null;null;null;null;null;null;
2021-03-14;null;null;null;null;null;null;null;null;null;
2021-03-15;null;null;null;null;null;null;null;null;null;
2021-03-16;null;null;null;null;null;null;null;null;null;
2021-03-17;null;null;null;null;null;null;null;null;null;
2021-03-18;null;null;null;null;null;null;null;null;null;
2021-03-19;null;null;null;null;null;null;null;null;null;
2021-03-20;null;null;null;null;null;null;null;null;null;
2021-03-21;null;null;null;null;null;null;null;null;null;
2021-03-22;null;null;null;null;null;null;null;null;null;
2021-03-23;null;null;null;null;null;null;null;null;null;
2021-03-24;null;null;null;null;null;null;null;null;null;
2021-03-25;null;null;null;null;null;null;null;null;null;
2021-03-26;null;null;null;null;null;null;null;null;null;
2021-03-27;null;null;null;null;null;null;null;null;null;
2021-03-28;null;null;null;null;null;null;null;null;null;
2021-03-29;null;null;null;null;null;null;null;null;null;
2021-03-30;null;null;null;null;null;null;null;null;null;
2021-03-31;null;null;null;null;null;null;null;null;null;
2021-04-01;null;null;null;null;null;null;null;null;null;
2021-04-02;null;null;null;null;null;null;null;null;null;
2021-04-03;null;null;null;null;null;null;null;null;null;
2021-04-04;null;null;null;null;null;null;null;null;null;
2021-04-05;null;null;null;null;null;null;null;null;null;
2021-04-06;null;null;null;null;null;null;null;null;null;
2021-04-07;null;null;null;null;null;null;null;null;null;
2021-04-08;null;null;null;null;null;null;null;null;null;
2021-04-09;null;null;null;null;null;null;null;null;null;
2021-04-10;null;null;null;null;null;null;null;null;null;
2021-04-11;null;null;null;null;null;null;null;null;null;
2021-04-12;null;null;null;null;null;null;null;null;null;
2021-04-13;null;null;null;null;null;null;null;null;null;
2021-04-14;null;null;null;null;null;null;null;null;null;
2021-04-15;null;null;null;null;null;null;null;null;null;
2021-04-16;null;null;null;null;null;null;null;null;null;
2021-04-17;null;null;null;null;null;null;null;null;null;
2021-04-18;null;null;null;null;null;null;null;null;null;
2021-04-19;null;null;null;null;null;null;null;null;null;
2021-04-20;null;null;null;null;null;null;null;null;null;
2021-04-21;null;null;null;null;null;null;null;null;null;
2021-04-22;null;null;null;null;null;null;null;null;null;
2021-04-23;null;null;null;null;null;null;null;null;null;
2021-04-24;null;null;null;null;null;null;null;null;null;
2021-04-25;null;null;null;null;null;null;null;null;null;
2021-04-26;null;null;null;null;null;null;null;null;null;
2021-04-27;null;null;null;null;null;null;null;null;null;
2021-04-28;null;null;null;null;null;null;null;null;null;
2021-04-29;null;null;null;null;null;null;null;null;null;
2021-04-30;null;null;null;null;null;null;null;null;null;
2021-05-01;null;null;null;null;null;null;null;null;null;
2021-05-02;null;null;null;null;null;null;null;null;null;
2021-05-03;null;null;null;null;null;null;null;null;null;
2021-05-04;null;null;null;null;null;null;null;null;null;
2021-05-05;null;null;null;null;null;null;null;null;null;
2021-05-06;null;null;null;null;null;null;null;null;null;
2021-05-07;null;null;null;null;null;null;null;null;null;
2021-05-08;null;null;null;null;null;null;null;null;null;
2021-05-09;null;null;null;null;null;null;null;null;null;
2021-05-10;null;null;null;null;null;null;null;null;null;
2021-05-11;null;null;null;null;null;null;null;null;null;
2021-05-12;null;null;null;null;null;null;null;null;null;
2021-05-13;null;null;null;null;null;null;null;null;null;
2021-05-14;null;null;null;null;null;null;null;null;null;
2021-05-15;null;null;null;null;null;null;null;null;null;
2021-05-16;null;null;null;null;null;null;null;null;null;
2021-05-17;null;null;null;null;null;null;null;null;null;
2021-05-18;null;null;null;null;null;null;null;null;null;
2021-05-19;null;null;null;null;null;null;null;null;null;
2021-05-20;null;null;null;null;null;null;null;null;null;
2021-05-21;null;null;null;null;null;null;null;null;null;
2021-05-22;null;null;null;null;null;null;null;null;null;
2021-05-23;null;null;null;null;null;null;null;null;null;
2021-05-24;null;null;null;null;null;null;null;null;null;
2021-05-25;null;null;null;null;null;null;null;null;null;
2021-05-26;null;null;null;null;null;null;null;null;null;
2021-05-27;null;null;null;null;null;null;null;null;null;
2021-05-28;null;null;null;null;null;null;null;null;null;
2021-05-29;null;null;null;null;null;null;null;null;null;
2021-05-30;null;null;null;null;null;null;null;null;null;
2021-05-31;null;null;null;null;null;null;null;null;null;
2021-06-01;null;null;null;null;null;null;null;null;null;
2021-06-02;null;null;null;null;null;null;null;null;null;
2021-06-03;null;null;null;null;null;null;null;null;null;
2021-06-04;null;null;null;null;null;null;null;null;null;
2021-06-05;null;null;null;null;null;null;null;null;null;
2021-06-06;null;null;null;null;null;null;null;null;null;
2021-06-07;null;null;null;null;null;null;null;null;null;
2021-06-08;null;null;null;null;null;null;null;null;null;
2021-06-09;null;null;null;null;null;null;null;null;null;
2021-06-10;null;null;null;null;null;null;null;null;null;
2021-06-11;null;null;null;null;null;null;null;null;null;
2021-06-12;null;null;null;null;null;null;null;null;null;
2021-06-13;null;null;null;null;null;null;null;null;null;
2021-06-14;null;null;null;null;null;null;null;null;null;
2021-06-15;null;null;null;null;null;null;null;null;null;
2021-06-16;null;null;null;null;null;null;null;null;null;
2021-06-17;null;null;null;null;null;null;null;null;null;
2021-06-18;null;null;null;null;null;null;null;null;null;
2021-06-19;null;null;null;null;null;null;null;null;null;
2021-06-20;null;null;null;null;null;null;null;null;null;
2021-06-21;null;null;null;null;null;null;null;null;null;
2021-06-22;null;null;null;null;null;null;null;null;null;
2021-06-23;null;null;null;null;null;null;null;null;null;
2021-06-24;null;null;null;null;null;null;null;null;null;
2021-06-25;null;null;null;null;null;null;null;null;null;
2021-06-26;null;null;null;null;null;null;null;null;null;
2021-06-27;null;null;null;null;null;null;null;null;null;
2021-06-28;null;null;null;null;null;null;null;null;null;
2021-06-29;null;null;null;null;null;null;null;null;null;
2021-06-30;null;null;null;null;null;null;null;null;null;
2021-07-01;null;null;null;null;null;null;null;null;null;
2021-07-02;null;null;null;null;null;null;null;null;null;
2021-07-03;null;null;null;null;null;null;null;null;null;
2021-07-04;null;null;null;null;null;null;null;null;null;
2021-07-05;null;null;null;null;null;null;null;null;null;
2021-07-06;null;null;null;null;null;null;null;null;null;
2021-07-07;null;null;null;null;null;null;null;null;null;
2021-07-08;null;null;null;null;null;null;null;null;null;
2021-07-09;null;null;null;null;null;null;null;null;null;
2021-07-10;null;null;null;null;null;null;null;null;null;
2021-07-11;null;null;null;null;null;null;null;null;null;
2021-07-12;null;null;null;null;null;null;null;null;null;
2021-07-13;null;null;null;null;null;null;null;null;null;
2021-07-14;null;null;null;null;null;null;null;null;null;
2021-07-15;null;null;null;null;null;null;null;null;null;
2021-07-16;null;null;null;null;null;null;null;null;null;
2021-07-17;null;null;null;null;null;null;null;59;5,1;
2021-07-18;null;null;null;null;null;null;null;null;null;
2021-07-19;null;null;null;null;null;null;null;null;null;
2021-07-20;null;null;null;null;null;null;null;null;null;
2021-07-21;null;null;null;null;null;null;null;null;null;
2021-07-22;null;null;null;null;null;null;null;null;null;
2021-07-23;null;null;null;null;null;null;null;null;null;
2021-07-24;null;null;null;null;null;null;null;null;null;
2021-07-25;null;null;null;null;null;null;null;null;null;
2021-07-26;null;null;null;null;null;null;null;null;null;
2021-07-27;null;null;null;null;null;null;null;null;null;
2021-07-28;null;null;null;null;null;null;null;null;null;
2021-07-29;null;null;null;null;null;null;null;null;null;
2021-07-30;null;null;null;null;null;null;null;null;null;
2021-07-31;null;null;null;null;null;null;null;null;null;
2021-08-01;null;null;null;null;null;null;null;null;null;
2021-08-02;null;null;null;null;null;null;null;null;null;
2021-08-03;null;null;null;null;null;null;null;null;null;
2021-08-04;null;null;null;null;null;null;null;null;null;
2021-08-05;null;null;null;null;null;null;null;null;null;
2021-08-06;null;null;null;null;null;null;null;null;null;
2021-08-07;null;null;null;null;null;null;null;null;null;
2021-08-08;null;null;null;null;null;null;null;null;null;
2021-08-09;null;null;null;null;null;null;null;null;null;
2021-08-10;null;null;null;null;null;null;null;null;null;
2021-08-11;null;4,4;1,2;26,6;24,5;21;88;84;3,6;
2021-08-12;null;6,2;0;28,2;24,7;21,1;88;84;3,3;
2021-08-13;null;1,6;,6;26,8;24;19,7;88;82;4,4;
2021-08-14;null;5;0;27,2;24,5;18,8;85;73;6,4;
2021-08-15;null;null;null;null;null;null;null;90;null;
2021-08-16;null;10,4;0;29,4;25,8;18,6;68;58;5,7;
2021-08-17;null;10,1;0;28,8;25,4;18,6;84;71;6,9;
2021-08-18;null;8,7;0;32,4;26,4;19,4;82;71;4,9;
2021-08-19;null;9,6;null;31,8;null;null;82;89;3,1;
2021-08-20;null;2;1,2;27,4;24,9;19,1;84;87;2,8;
2021-08-21;null;10,1;5,2;28,8;25;19;84;75;5,9;
2021-08-22;null;null;null;null;null;null;null;90;null;
2021-08-23;null;1,6;5,6;26,9;23,8;19;87;90;2,3;
2021-08-24;null;1,6;12;29,6;25,5;21;86;82;2,1;
2021-08-25;null;6,5;,2;29,2;25,2;20,6;84;73;2,8;
2021-08-26;null;7,5;0;31,4;25,3;19,9;87;82;5,1;
2021-08-27;null;9,3;0;30,2;25,3;19,7;84;77;5,1;
2021-08-28;null;9;0;31,2;25,9;19,6;83;73;5,1;
2021-08-29;null;null;null;null;null;null;null;88;null;
2021-08-30;null;10,2;0;31,6;26,3;20,6;84;75;3,9;
2021-08-31;null;7,4;0;31,2;26;18,2;79;60;4,9;
2021-09-01;null;10,2;,4;32;26,2;18,7;80;60;4,1;
2021-09-02;null;10;0;31,6;25,9;19,7;83;71;4,6;
2021-09-03;null;null;0;null;null;20,2;null;78;6,2;
2021-09-04;null;10,4;0;31,4;26,8;20,8;77;67;5,9;
2021-09-05;null;null;null;null;null;null;null;88;null;
2021-09-06;null;10;0;31,2;25,8;20,1;85;71;4,4;
2021-09-07;null;9,7;0;31,9;26,5;20,2;79;68;4,6;
2021-09-08;null;9,4;0;31,8;26,5;20,9;82;76;4,6;
2021-09-09;null;9,4;0;32,2;26,2;19;82;70;4,6;
2021-09-10;null;10;0;32,4;26,4;19,3;86;77;4,6;
2021-09-11;null;10,4;0;32,2;26,3;19,7;81;70;4,9;
2021-09-12;null;null;null;null;null;null;null;88;null;
2021-09-13;null;6,8;7,2;30,6;24,2;18,9;94;92;3,1;
2021-09-14;null;6,3;1,2;32;26,5;19,9;84;76;5,1;
2021-09-15;null;2,2;8,6;26,8;23,8;17,7;94;89;1,8;
2021-09-16;null;7,9;11,6;30,9;25,8;21,1;81;60;5,4;
2021-09-17;null;8,7;0;32,4;27,3;21,2;82;60;4,9;
2021-09-18;null;9,4;0;31,2;26,6;21,6;71;76;4,1;
2021-09-19;null;null;null;null;null;null;null;79;null;
2021-09-20;null;10,4;0;31,8;26,2;19,4;83;74;6,2;
2021-09-21;null;10;0;31,8;26,1;19,5;82;71;3,9;
2021-09-22;null;10,1;0;31,8;26,8;19,2;84;78;5,1;
2021-09-23;null;9,4;0;32;27,2;20,6;83;74;4,9;
2021-09-24;null;8,8;0;31,8;26,9;20,6;83;71;4,4;
2021-09-25;null;9,4;0;31,8;26,8;21,1;83;72;3,9;
2021-09-26;null;null;null;null;null;null;null;89;null;
2021-09-27;null;4,6;13,2;26,9;23,7;21,2;96;93;4,4;
2021-09-28;null;9,6;4,9;31,8;26,2;21,2;80;81;5,1;
2021-09-29;null;9,2;0;31,1;25,8;21,5;86;79;7,2;
2021-09-30;null;9,6;0;31,4;26;21,2;83;83;4,4;
2021-10-01;null;9,6;0;31,4;26,4;21,4;84;75;5,4;
2021-10-02;null;10,2;0;31,2;26,7;21,1;82;77;4,6;
2021-10-03;null;null;null;null;null;null;null;81;null;
2021-10-04;null;9,6;0;31,4;26,8;21,2;77;78;3,3;
2021-10-05;null;8,6;0;31,2;26,7;20,2;85;71;4,1;
2021-10-06;null;9,2;0;31,2;27,2;21,3;72;67;4,1;
2021-10-07;null;9,6;0;31,2;26,9;21,2;75;72;4,9;
2021-10-08;null;8;0;31;26,7;22,8;82;73;4,6;
2021-10-09;null;9,2;0;31,1;26,8;21,3;77;70;3,6;
2021-10-10;null;null;null;null;null;null;null;82;null;
2021-10-11;null;8;0;31,6;26,8;21,1;78;71;3,1;
2021-10-12;null;9,6;0;32;27,3;21,9;73;70;3,3;
2021-10-13;null;9,1;0;31,6;27,2;21,3;80;69;3,9;
2021-10-14;null;8,2;8,6;31,5;26,7;19,8;78;75;3,9;
2021-10-15;null;7,1;3,6;31,3;27;22,8;76;75;3,3;
2021-10-16;null;9;0;30,2;27;22;75;74;3,3;
2021-10-17;null;null;null;null;null;null;null;76;null;
2021-10-18;null;9,4;1,2;31,2;26,9;21,2;71;71;4,1;
2021-10-19;null;10,2;0;31,4;27,3;21,3;74;68;3,3;
2021-10-20;null;9,2;0;31,2;27;21,3;79;72;4,1;
2021-10-21;null;9,8;0;32,4;27,9;22,3;74;68;3,9;
2021-10-22;null;9,2;0;32,6;27,8;22,2;77;60;4,6;
2021-10-23;null;9,6;0;32,6;27,9;23,9;74;68;4,6;
2021-10-24;null;null;null;null;null;null;null;82;null;
2021-10-25;null;8,8;0;31,6;27;22,2;84;77;4,1;
2021-10-26;null;8,2;1,1;30,2;26,6;20,9;76;78;4,1;
2021-10-27;null;9;1,2;31,6;26,9;20,7;72;73;4,4;
2021-10-28;null;9,6;0;30,9;26,4;20,2;83;72;4,1;
2021-10-29;null;9,2;0;31,2;27,4;22;82;61;4,1;
2021-10-30;null;10,5;0;32,6;27,5;20,9;79;60;5,4;
2021-10-31;null;null;null;null;null;null;null;89;null;
2021-11-01;null;9,6;0;31,2;26,3;20,9;87;72;4,4;
2021-11-02;null;9,7;0;31,6;26,3;20,8;84;64;3,9;
2021-11-03;null;null;0;null;null;20,7;null;68;4,1;
2021-11-04;null;null;0;null;null;21,2;null;67;5,7;
2021-11-05;null;9,4;0;31,4;27;21,2;77;68;3,3;
2021-11-06;null;10,1;0;31,8;27,2;21,2;76;70;3,3;
2021-11-07;null;null;null;null;null;null;null;79;null;
2021-11-08;null;9,6;0;32,8;27,4;21,2;81;72;4,9;
2021-11-09;null;8,5;0;31,8;27,7;21,1;75;65;4,4;
2021-11-10;null;9,2;0;30,9;26,9;21,1;76;74;4,1;
2021-11-11;null;10,2;,8;31,6;26,9;22;77;81;4,1;
2021-11-12;null;9,6;0;31,6;27,4;21,8;81;71;5,1;
2021-11-13;null;9,4;0;31,8;27,7;21,9;80;68;4,1;
2021-11-14;null;null;null;null;null;null;null;86;null;
2021-11-15;null;9,8;0;31,7;27,5;22,2;78;60;4,4;
2021-11-16;null;9,1;0;32;27,6;22,3;77;62;3,9;
2021-11-17;null;5,7;0;31,6;27,4;21,6;82;74;4,4;
2021-11-18;null;8,8;1,6;31,4;27,4;21;79;54;5,1;
2021-11-19;null;10,4;0;31,2;27,2;21,3;81;67;3,9;
2021-11-20;null;9;0;31,8;27,1;21,8;83;71;5,1;
2021-11-21;null;null;null;null;null;null;null;90;null;
2021-11-22;null;9,8;0;31,6;27,5;21,7;81;61;3,1;
2021-11-23;null;8,1;0;31,6;27,8;22,9;79;71;4,4;
2021-11-24;null;10,8;0;31,4;27,6;22,2;72;68;3,6;
2021-11-25;null;10,7;0;31,2;27,8;22,2;72;62;3,9;
2021-11-26;null;10,9;0;31,6;27,5;22,2;74;62;3,6;
2021-11-27;null;9,7;0;31,7;28;23;82;60;4,1;
2021-11-28;null;null;null;null;null;null;null;80;null;
2021-11-29;null;9,6;0;31,9;28;22,9;77;60;4,4;
2021-11-30;null;9,9;0;31,7;27,5;22,2;84;73;4,1;
2021-12-01;null;9,6;0;31,8;27,5;22,8;81;34;3,6;
2021-12-02;null;10,2;0;31,9;27,9;22,2;73;57;4,9;
2021-12-03;null;9,7;0;31,2;27,4;22,2;85;70;1,8;
2021-12-04;null;9;,2;31,6;27,3;22,3;79;74;3,1;
2021-12-05;null;null;null;null;null;null;null;88;null;
2021-12-06;null;9;25,2;30,2;26,2;21,9;92;91;4,4;
2021-12-07;null;6,9;0;30,6;27,1;22,1;82;78;4,9;
2021-12-08;null;9,4;0;30,2;26,5;22,1;85;77;4,1;
2021-12-09;null;9,8;3,2;30;26,7;22,3;82;80;4,1;
2021-12-10;null;9,9;0;31,9;27,7;22,8;78;72;4,4;
2021-12-11;null;10,2;0;31,6;27,5;23;77;70;4,9;
2021-12-12;null;null;null;null;null;null;null;81;null;
2021-12-13;null;9,7;0;31,8;28;23;80;60;4,6;
2021-12-14;null;10,7;0;31,4;27,6;22,4;86;60;4,1;
2021-12-15;null;10;0;31,6;27,7;22,2;91;68;4,6;
2021-12-16;null;9,4;1,6;30,9;27,2;23;83;71;4,6;
2021-12-17;null;10,7;0;33,1;27,8;21,9;83;72;3,1;
2021-12-18;null;9,8;0;31,6;27,7;23,1;83;71;5,1;
2021-12-19;null;null;null;null;null;null;null;90;null;
2021-12-20;null;9,4;0;31,6;27,6;21,9;83;76;3,6;
2021-12-21;null;7,3;0;31,7;27,7;22,9;85;71;4,9;
2021-12-22;null;7,2;0;32,4;27,5;22,2;74;70;8,2;
2021-12-23;null;6,6;4,6;28,1;25,6;22,6;91;85;3,9;
2021-12-24;null;9,4;6,2;31,6;26,2;22,7;87;74;2,6;
2021-12-25;null;7;0;30,4;26,2;22,2;89;83;2,8;
2021-12-26;null;null;null;null;null;null;null;91;null;
2021-12-27;null;6,6;24,6;29,2;25,9;21,4;92;92;1,5;
2021-12-28;null;4,4;0;31,1;27;23,2;85;77;6,2;
2021-12-29;null;7,4;6;30,8;26,5;22,5;88;82;4,4;
2021-12-30;null;8,6;0;31,2;26,9;22,2;83;72;4,4;
2021-12-31;null;9,4;2,2;31,2;26,7;22,3;33;77;4,1;
2022-01-01;null;null;null;null;null;null;null;92;null;
2022-01-02;null;null;null;null;null;null;null;null;null;
2022-01-03;null;null;null;null;null;null;null;null;null;
2022-01-04;null;null;null;null;null;null;null;null;null;
2022-01-05;null;null;null;null;null;null;null;null;null;
2022-01-06;null;null;null;null;null;null;null;null;null;
2022-01-07;null;null;null;null;null;null;null;null;null;
2022-01-08;null;null;null;null;null;null;null;null;null;
2022-01-09;null;null;null;null;null;null;null;null;null;
2022-01-10;null;null;null;null;null;null;null;null;null;
2022-01-11;null;null;null;null;null;null;null;null;null;
2022-01-12;null;null;null;null;null;null;null;null;null;
2022-01-13;null;null;null;null;null;null;null;null;null;
2022-01-14;null;null;null;null;null;null;null;null;null;
2022-01-15;null;null;null;null;null;null;null;null;null;
2022-01-16;null;null;null;null;null;null;null;null;null;
2022-01-17;null;null;null;null;null;null;null;null;null;
2022-01-18;null;null;null;null;null;null;null;null;null;
2022-01-19;null;null;null;null;null;null;null;null;null;
2022-01-20;null;null;null;null;null;null;null;null;null;
2022-01-21;null;null;null;null;null;null;null;null;null;
2022-01-22;null;null;null;null;null;null;null;null;null;
2022-01-23;null;null;null;null;null;null;null;null;null;
2022-01-24;null;null;null;null;null;null;null;null;null;
2022-01-25;null;null;null;null;null;null;null;null;null;
2022-01-26;null;null;null;null;null;null;null;null;null;
2022-01-27;null;null;null;null;null;null;null;null;null;
2022-01-28;null;null;null;null;null;null;null;null;null;
2022-01-29;null;null;null;null;null;null;null;null;null;
2022-01-30;null;null;null;null;null;null;null;null;null;
2022-01-31;null;8,6;66,2;31,2;27,1;20,7;77;72;4,1;
2022-02-01;null;9,4;1,2;31,6;27,2;21,2;84;81;3,1;
2022-02-02;null;8,8;0;31,6;27,1;21,2;86;83;4,4;
2022-02-03;null;9,4;0;31,2;27,5;22,1;78;76;4,1;
2022-02-04;null;9,8;0;31,2;27,2;22,2;85;74;3,1;
2022-02-05;null;5,7;0;31,4;27,2;21,4;79;73;3,3;
2022-02-06;null;null;null;null;null;null;null;88;null;
2022-02-07;null;10,7;0;31,4;27,3;22,1;82;71;4,6;
2022-02-08;null;9,6;0;31,5;27,7;22,2;78;74;3,6;
2022-02-09;null;10,7;0;30,7;27;22,1;76;71;4,1;
2022-02-10;null;9,9;0;31,6;27,3;21,2;81;71;3,6;
2022-02-11;null;9,1;0;31,5;27,6;21,3;79;73;4,6;
2022-02-12;null;2,1;0;31,6;27;22,4;81;81;3,1;
2022-02-13;null;null;null;null;null;null;null;87;null;
2022-02-14;null;8,2;1;31,4;27;22,4;35;81;2,8;
2022-02-15;null;9,6;4,2;31,2;26,6;21,7;85;86;3,1;
2022-02-16;null;7,9;0;31,6;27,5;20,6;83;64;4,1;
2022-02-17;null;9,9;0;31,8;27,8;21,7;77;73;4,6;
2022-02-18;null;10,7;0;30,6;26,7;22,2;87;77;4,6;
2022-02-19;null;9,4;21,6;31,4;26,9;21,7;84;76;3,6;
2022-02-20;null;null;null;null;null;null;null;90;null;
2022-02-21;null;8,3;5,4;31,4;26,7;21,2;90;89;3,1;
2022-02-22;null;9,2;0;31,8;27,6;22,2;84;72;3,3;
2022-02-23;null;9,6;2,4;31,2;27,5;21,5;81;74;4,9;
2022-02-24;null;10,4;0;30,9;27,3;21,7;83;77;4,4;
2022-02-25;null;9,6;0;31,8;27,7;21,7;81;71;6,2;
2022-02-26;null;9,8;0;31,7;27,2;21,7;82;71;4,4;
2022-02-27;null;null;null;null;null;null;null;88;null;
2022-02-28;null;10,4;0;31,2;27,2;21,9;82;78;3,3;
2022-03-01;null;10,2;0;31,6;27,7;21,9;81;71;3,9;
2022-03-02;null;9,8;0;32;27,8;22,2;85;81;3,9;
2022-03-03;null;9,6;0;31,8;27,4;21,7;88;89;3,6;
2022-03-04;null;10,2;0;31,4;27,4;21,9;84;75;3,3;
2022-03-05;null;10,2;0;31,6;27;21,8;88;77;4,1;
2022-03-06;null;null;null;null;null;null;null;91;null;
2022-03-07;null;8,8;50,2;29,2;25,7;21,5;86;89;2,8;
2022-03-08;null;9,6;0;31,4;26,8;22,3;88;80;2,8;
2022-03-09;null;8,2;0;29,6;26,5;21,8;88;65;4,6;
2022-03-10;null;9,8;2,2;31,1;27,2;21,6;86;78;3,9;
2022-03-11;null;7,3;0;31,2;27,3;21,6;88;72;4,6;
2022-03-12;null;8,2;1,4;29,6;26,3;21,1;89;82;4,6;
2022-03-13;null;null;null;null;null;null;null;90;null;
2022-03-14;null;6,6;160,2;29,6;26;21,2;88;87;2,8;
2022-03-15;null;8,9;9,9;30,2;26,5;21,9;88;89;2,8;
2022-03-16;null;5,2;1,6;28,1;25,1;21,2;91;87;2,8;
2022-03-17;null;7,2;9,2;28,8;25,9;21,2;93;92;2,3;
2022-03-18;null;8,4;1,3;28,2;25,9;21,7;91;84;2,8;
2022-03-19;null;6,2;3,2;28,2;25,5;21,5;91;90;2,8;
2022-03-20;null;null;null;null;null;null;null;92;null;
2022-03-21;null;5,3;27,4;28,2;25,3;21,6;81;85;2,6;
2022-03-22;null;6,2;28,3;30,2;26,8;21,5;90;90;4,1;
2022-03-23;null;8,2;12,8;30,6;27,3;21,7;93;89;4,1;
2022-03-24;null;5,2;0;29,7;26,4;21,7;88;89;5,4;
2022-03-25;null;5,2;1,2;29,7;26,6;22;88;88;3,9;
2022-03-26;null;1,6;38,1;26,6;24,2;20,3;95;88;1,8;
2022-03-27;null;null;null;null;null;null;null;85;null;
2022-03-28;null;7,5;2,2;30,6;27;21,2;91;90;2,8;
2022-03-29;null;7,5;0;30,8;27,3;22,6;84;78;3,1;
2022-03-30;null;9;14,6;29,8;26,7;21,5;87;79;3,3;
2022-03-31;null;null;1,6;null;null;21,2;null;81;2,1;
2022-04-01;null;9,2;0;31,2;27,3;21,6;85;71;2,1;
2022-04-02;null;7,2;1,4;29,9;26,5;21,1;90;87;4,1;
2022-04-03;null;null;null;null;null;null;null;92;null;
2022-04-04;null;8,2;70,2;31,2;26,9;21,2;85;81;3,3;
2022-04-05;null;8,8;0;31;27,2;21,9;87;74;2,8;
2022-04-06;null;10,3;23,2;29,9;26,4;21,1;86;87;4,1;
2022-04-07;null;9,6;1,2;30,8;27,4;21,9;82;79;3,3;
2022-04-08;null;9,4;1,6;30,6;26,4;20,7;92;89;3,6;
2022-04-09;null;9,4;0;30,6;27;21,7;89;88;4,1;
2022-04-10;null;null;null;null;null;null;null;91;null;
2022-04-11;null;8,8;0;31,2;27,1;21,7;89;88;4,4;
2022-04-12;null;9,6;0;30,6;27,1;21,9;87;80;2,6;
2022-04-13;null;9,8;0;30,7;27;21,9;86;77;4,1;
2022-04-14;null;9,9;0;30,6;27;20,5;83;85;3,3;
2022-04-15;null;9,6;0;30,9;27,2;21,7;85;82;3,6;
2022-04-16;null;10,2;0;31;26,9;21,7;86;83;2,8;
2022-04-17;null;null;null;null;null;null;null;92;null;
2022-04-18;null;9;0;30,9;27,1;21,4;87;78;3,1;
2022-04-19;null;10,2;0;31;27;21,7;86;78;2,8;
2022-04-20;null;9,8;0;30,8;27,4;21,7;86;80;3,6;
2022-04-21;null;10;,6;30,4;26,8;21,3;86;83;3,1;
2022-04-22;null;9;,4;30,2;26,4;21,3;88;82;2,8;
2022-04-23;null;3,6;15,8;28,6;25,4;20,7;91;91;1,3;
2022-04-24;null;null;null;null;null;null;null;91;null;
2022-04-25;null;9,5;35,6;30,2;26,3;20,6;89;90;2,3;
2022-04-26;null;9,7;0;31,4;27,3;20,7;80;82;4,4;
2022-04-27;null;8,8;2,2;30,6;26,5;21,7;93;89;3,3;
2022-04-28;null;9,4;0;30,2;26,2;20,6;91;74;2,8;
2022-04-29;null;9,1;0;30,6;26,5;20,3;88;86;3,3;
2022-04-30;null;9,8;0;30,6;26,5;21,2;82;80;2,6;
2022-05-01;null;null;null;null;null;null;null;92;null;
2022-05-02;null;7,2;1,4;29,2;26;20,3;93;94;2,3;
2022-05-03;null;8,8;7,8;30,4;27;22,2;90;84;3,3;
2022-05-04;null;8,2;,4;30,4;26,9;21,7;89;87;2,3;
2022-05-05;null;null;15,4;null;null;20,7;null;90;3,1;
2022-05-06;null;4,2;21;28,1;24,8;20,5;94;93;2,3;
2022-05-07;null;6,6;43,6;29,2;25,6;20,2;90;93;3,1;
2022-05-08;null;null;null;null;null;null;null;92;null;
2022-05-09;null;8,6;4,2;30,2;26,6;20,6;88;86;3,6;
2022-05-10;null;4,7;14,4;27,2;24,7;20,3;94;79;1,3;
2022-05-11;null;,4;0;28,5;25,8;20,9;null;85;2,1;
2022-05-12;null;7,6;1,2;29,2;26,1;20,7;89;80;2,3;
2022-05-13;null;4,8;9,8;27,6;25,1;20,9;95;94;1,5;
2022-05-14;null;9,2;20,4;null;null;20,8;92;90;3,3;
2022-05-15;null;null;null;null;null;null;null;93;null;
2022-05-16;null;7,6;0;null;null;20,9;86;70;2,8;
2022-05-17;null;6,6;0;null;null;20,7;90;83;4,1;
2022-05-18;null;8,5;0;null;null;20,8;86;80;2,3;
2022-05-19;null;9,2;0;null;null;21;92;84;1,8;
2022-05-20;null;11;0;null;null;21,2;88;80;2,3;
2022-05-21;null;8,8;0;null;null;21,3;89;84;3,9;
2022-05-22;null;null;null;null;null;null;null;92;null;
2022-05-23;null;5,4;7,8;null;null;21,9;90;86;2,1;
2022-05-24;null;8,4;37,4;null;null;21,1;94;92;3,6;
2022-05-25;null;6,2;24,6;null;null;20,8;91;88;1,5;
2022-05-26;null;9,6;0;null;null;21;90;88;3,9;
2022-05-27;null;1,2;,2;null;null;20,7;92;89;1,8;
2022-05-28;null;2,2;43,2;null;null;20,7;94;90;1,3;
2022-05-29;null;null;null;null;null;null;null;97;null;
2022-05-30;null;,4;,8;null;null;19,1;94;97;2,1;
2022-05-31;null;5,2;3,2;null;null;21,3;94;91;2,1;
2022-06-01;null;7,6;11,8;null;null;20,6;92;82;2,3;
2022-06-02;null;3,6;15,6;null;null;20,2;88;81;2,8;
2022-06-03;null;,4;42,7;null;null;19,2;94;92;1,3;
2022-06-04;null;1,2;,4;null;null;20,2;96;88;2,3;
2022-06-05;null;null;null;null;null;null;null;89;null;
2022-06-06;null;8,6;0;null;null;20,9;91;88;2,8;
2022-06-07;null;6;0;null;null;20,6;91;94;2,8;
2022-06-08;null;9,8;0;null;null;20,8;90;85;3,3;
2022-06-09;null;9,7;,6;null;null;20,3;91;90;2,8;
2022-06-10;null;10,4;0;null;null;19,8;93;91;4,1;
2022-06-11;null;6,7;0;null;null;20,9;91;86;2,8;
2022-06-12;null;null;null;null;null;null;null;94;null;
2022-06-13;null;9,9;0;null;null;20;89;87;2,1;
2022-06-14;null;9,7;1,2;null;null;19,2;92;88;2,8;
2022-06-15;null;10,4;0;null;null;20,1;91;87;3,3;
2022-06-16;null;9,8;0;null;null;20,3;84;88;2,8;
2022-06-17;null;8,8;0;null;null;20,6;90;86;2,8;
2022-06-18;null;9,6;0;null;null;20,3;84;82;2,3;
2022-06-19;null;null;null;null;null;null;null;87;null;
2022-06-20;null;1,2;2,2;null;null;20,3;92;89;1,8;
2022-06-21;null;4,6;17,4;null;null;20,7;90;85;2,3;
2022-06-22;null;0;30,2;null;null;20;88;78;2,1;
2022-06-23;null;10,4;29,4;null;null;18,3;91;93;3,3;
2022-06-24;null;7;6,8;null;null;19,3;91;86;2,8;
2022-06-25;null;8,9;0;null;null;19,3;88;84;2,8;
2022-06-26;null;null;null;null;null;null;null;89;null;
2022-06-27;null;8,4;0;null;null;20,3;87;88;3,3;
2022-06-28;null;7,8;,7;null;null;19,2;91;86;2,6;
2022-06-29;null;0;15,2;null;null;18,2;94;91;2,1;
2022-06-30;null;6,6;6,2;null;null;18,9;91;87;3,3;
2022-07-01;null;7,6;0;null;null;19,9;92;87;2,8;
2022-07-02;null;3,2;9,6;null;null;20,3;94;91;2,3;
2022-07-03;null;null;null;null;null;null;null;95;null;
2022-07-04;null;8,8;135,2;null;null;19,2;96;95;2,1;
2022-07-05;null;3,6;32;null;null;19,8;93;88;2,8;
2022-07-06;null;4,1;0;null;null;19,2;92;91;3,3;
2022-07-07;null;0;20;null;null;19,1;96;93;2,1;
2022-07-08;null;0;78,2;null;null;18,3;95;95;1,5;
2022-07-09;null;3,6;13,2;null;null;19,7;91;82;2,8;
2022-07-10;null;null;null;null;null;null;null;96;null;
2022-07-11;null;9,5;null;null;null;null;91;null;3,1;
2022-07-12;null;8,6;0;null;null;20,1;90;84;3,3;
2022-07-13;null;1,2;0;null;null;19,8;90;86;3,3;
2022-07-14;null;6,2;0;null;null;19,6;92;88;2,1;
2022-07-15;null;9,2;0;null;null;19,3;92;88;2,8;
2022-07-16;null;5,2;0;null;null;19,7;90;86;3,3;
2022-07-17;null;null;null;null;null;null;null;95;null;
2022-07-18;null;4,4;35,2;null;null;19,3;90;81;3,1;
2022-07-19;null;5,1;14,8;null;null;19,7;94;96;2,1;
2022-07-20;null;6,6;0;null;null;19,7;90;86;2,3;
2022-07-21;null;8,6;,6;null;null;19,7;93;91;2,1;
2022-07-22;null;8,2;3,2;null;null;20,1;92;91;2,3;
2022-07-23;null;9;0;null;null;20,3;86;84;1,5;
2022-07-24;null;null;null;null;null;null;null;87;null;
2022-07-25;null;9,5;0;null;null;18,3;86;79;4,9;
2022-07-26;null;7,6;0;null;null;19,1;91;90;3,3;
2022-07-27;null;7,4;0;null;null;19,4;92;88;1,5;
2022-07-28;null;9;0;null;null;19,2;92;86;3,6;
2022-07-29;null;8,8;0;null;null;19,3;87;77;2,3;
2022-07-30;null;0;15,4;null;null;17,7;94;91;1,5;
2022-07-31;null;null;null;null;null;null;null;94;null;
2022-08-01;null;10,4;40,4;null;null;18,3;91;91;4,1;
2022-08-02;null;,2;0;null;null;18,9;90;88;2,3;
2022-08-03;null;3,2;7,6;null;null;19;94;89;2,3;
2022-08-04;null;0;35,4;null;null;17,3;94;92;4,9;
2022-08-05;null;8,4;22;null;null;19,4;93;91;3,9;
2022-08-06;null;7,8;0;null;null;19,3;94;92;3,6;
2022-08-07;null;null;null;null;null;null;null;93;null;
2022-08-08;null;7,2;0;null;null;18,2;76;81;3,3;
2022-08-09;null;8,6;26,2;null;null;19,2;88;84;3,3;
2022-08-10;null;9,2;0;null;null;19,3;88;84;4,1;
2022-08-11;null;9,6;null;null;null;null;90;88;1,5;
2022-08-12;null;8,8;0;null;null;20,2;87;84;2,8;
2022-08-13;null;8,9;5,2;null;null;19,2;90;88;2,6;
2022-08-14;null;null;null;null;null;null;null;92;null;
2022-08-15;null;9,2;0;null;null;19,6;92;88;2,3;
2022-08-16;null;9,1;0;null;null;18,3;91;89;3,3;
2022-08-17;null;10,2;0;null;null;17,3;86;78;3,6;
2022-08-18;null;8,2;1,4;null;null;19,2;90;88;2,3;
2022-08-19;null;10,4;0;null;null;17,2;88;82;4,1;
2022-08-20;null;8,2;0;null;null;18,3;83;80;2,3;
2022-08-21;null;null;null;null;null;null;null;90;null;
2022-08-22;null;10,5;0;null;null;17,2;84;81;3,3;
2022-08-23;null;1,2;15,4;null;null;17,2;94;84;2,3;
2022-08-24;null;7,4;7,2;null;null;17,6;92;88;3,6;
2022-08-25;null;9;0;null;null;17,7;90;90;3,3;
2022-08-26;null;8,6;0;null;null;18,3;90;86;3,3;
2022-08-27;null;,6;2,2;null;null;17,3;94;90;2,1;
2022-08-28;null;null;null;null;null;null;null;94;null;
2022-08-29;null;8,6;0;null;null;18,2;92;87;4,1;
2022-08-30;null;7,2;0;null;null;18,2;90;83;2,8;
2022-08-31;null;8,8;0;null;null;19,3;92;91;4,1;
2022-09-01;null;9,4;0;null;null;null;88;89;3,1;
2022-09-02;null;9,2;0;null;null;16,6;82;85;3,3;
2022-09-03;null;9;0;null;null;17,3;93;90;2,3;
2022-09-04;null;null;null;null;null;null;null;94;null;
2022-09-05;null;8,2;0;null;null;18,3;93;90;3,3;
2022-09-06;null;9;20,2;null;null;18,3;92;92;4,1;
2022-09-07;null;9,6;20,8;null;null;19,3;91;91;4,1;
2022-09-08;null;9,6;0;null;null;17,7;92;91;2,6;
2022-09-09;null;10,3;0;null;null;17,6;78;70;2,1;
2022-09-10;null;null;0;null;null;18,2;null;80;5,1;
2022-09-11;null;null;null;null;null;null;null;null;null;
2022-09-12;null;9,6;0;null;null;17,7;90;86;2,3;
2022-09-13;null;8,4;0;null;null;17,6;89;89;3,9;
2022-09-14;null;9,6;,6;null;null;17,8;90;86;2,3;
2022-09-15;null;9,2;0;null;null;17,9;86;81;2,8;
2022-09-16;null;9,8;0;null;null;19,2;88;87;3,9;
2022-09-17;null;9,1;0;null;null;18,7;86;80;4,1;
2022-09-18;null;null;null;null;null;null;null;85;null;
2022-09-19;null;1,4;0;null;null;18,7;86;79;2,8;
2022-09-20;null;8,8;0;null;null;19,7;83;76;4,1;
2022-09-21;null;9,4;0;null;null;19,7;78;77;2,3;
2022-09-22;null;9,6;0;null;null;19,7;91;80;4,1;
2022-09-23;null;10;0;null;null;19,7;84;68;3,3;
2022-09-24;null;9,2;0;null;null;18,3;81;78;3,1;
2022-09-25;null;null;null;null;null;null;null;84;null;
2022-09-26;null;8,8;0;null;null;19,7;85;87;4,1;
2022-09-27;null;8,2;0;null;null;20;86;80;3,1;
2022-09-28;null;10,4;0;null;null;19,2;87;80;3,3;
2022-09-29;null;9,6;0;null;null;19,8;83;83;2,1;
2022-09-30;null;10,4;0;null;null;19,8;92;83;2,8;
2022-10-01;null;10,2;0;null;null;19,5;86;82;2,8;
2022-10-02;null;null;null;null;null;null;null;88;null;
2022-10-03;null;9,2;0;null;null;19,3;87;83;2,8;
2022-10-04;null;null;0;null;null;20,2;null;82;2,6;
2022-10-05;null;10,2;0;null;null;19,3;88;85;3,9;
2022-10-06;null;7,3;0;null;null;19,7;90;89;2,8;
2022-10-07;null;9,6;,2;null;null;18,3;95;88;4,1;
2022-10-08;null;9,8;0;null;null;20,2;82;82;3,9;
2022-10-09;null;null;null;null;null;null;null;91;null;
2022-10-10;null;8,8;15,2;null;null;19,1;92;90;3,9;
2022-10-11;null;9,4;6,3;null;null;18,3;95;84;2,8;
2022-10-12;null;9;0;null;null;19,7;90;80;2,1;
2022-10-13;null;9,8;,2;null;null;19,2;90;89;3,6;
2022-10-14;null;9,2;0;null;null;18,7;93;85;3,9;
2022-10-15;null;8,8;0;null;null;19,7;86;85;2,1;
2022-10-16;null;null;null;null;null;null;null;87;null;
2022-10-17;null;9,4;0;null;null;19,3;90;88;3,3;
2022-10-18;null;9,2;0;null;null;19,3;83;83;3,9;
2022-10-19;null;9,6;0;null;null;19,7;90;84;4,1;
2022-10-20;null;10,1;0;null;null;19,9;86;73;3,9;
2022-10-21;null;9,6;0;null;null;19,7;87;82;2,1;
2022-10-22;null;9,9;1,1;null;null;19,7;86;81;4,9;
2022-10-23;null;null;null;null;null;null;null;87;null;
2022-10-24;null;7,8;0;null;null;19,3;90;85;2,3;
2022-10-25;null;9,2;0;null;null;20,3;89;84;2,8;
2022-10-26;null;9,7;1,2;null;null;19,3;90;88;2,8;
2022-10-27;null;9,7;0;null;null;19,1;90;81;3,9;
2022-10-28;null;9,8;0;null;null;19,7;89;85;6,7;
2022-10-29;null;5,8;0;null;null;19,5;87;83;3,3;
2022-10-30;null;null;null;null;null;null;null;90;null;
2022-10-31;null;9,7;0;null;null;19,7;86;81;2,8;
2022-11-01;null;9;0;null;null;19,2;81;69;4,1;
2022-11-02;null;9,2;0;null;null;19,7;89;84;2,1;
2022-11-03;null;9,6;0;null;null;19,2;89;86;2,8;
2022-11-04;null;9,8;0;null;null;20,2;83;83;2,8;
2022-11-05;null;4,1;0;null;null;20,2;90;85;3,3;
2022-11-06;null;null;null;null;null;null;null;91;null;
2022-11-07;null;8,8;0;null;null;19,7;96;82;4,1;
2022-11-08;null;11,4;0;null;null;19,7;86;82;3,9;
2022-11-09;null;10,3;0;null;null;19,7;92;82;3,9;
2022-11-10;null;6,4;0;null;null;19,7;85;82;5,1;
2022-11-11;null;5,2;0;null;null;19,2;86;83;4,1;
2022-11-12;null;3,6;2,6;null;null;19,2;92;87;2,3;
2022-11-13;null;null;null;null;null;null;null;94;null;
2022-11-14;null;null;14,1;null;null;20,2;null;91;4,1;
2022-11-15;null;6,2;1,4;null;null;19,5;90;88;3,9;
2022-11-16;null;9,1;0;null;null;19,3;88;84;2,8;
2022-11-17;null;9;0;null;null;19,7;88;83;4,1;
2022-11-18;null;6;0;null;null;19,9;86;79;4,1;
2022-11-19;null;9,4;0;null;null;19,5;84;76;4,1;
2022-11-20;null;null;null;null;null;null;null;85;null;
2022-11-21;null;9,7;0;null;null;19,2;91;86;3,3;
2022-11-22;null;10;0;null;null;19,3;88;84;4,1;
2022-11-23;null;9;0;null;null;19,4;87;80;3,3;
2022-11-24;null;8,6;0;null;null;19,5;83;77;3,3;
2022-11-25;null;9,8;0;null;null;19,7;82;80;4,1;
2022-11-26;null;9,8;0;null;null;19,2;80;83;3,3;
2022-11-27;null;null;null;null;null;null;null;84;null;
2022-11-28;null;9,5;0;null;null;19,9;83;78;3,3;
2022-11-29;null;7;0;null;null;19,2;78;80;4,1;
2022-11-30;null;8,2;0;null;null;19,4;78;76;3,3;
2022-12-01;null;9,2;0;null;null;20,2;81;78;4,1;
2022-12-02;null;8,8;0;null;null;20,2;88;80;2,6;
2022-12-03;null;4,6;0;null;null;20;84;78;3,3;
2022-12-04;null;null;null;null;null;null;null;91;null;
2022-12-05;null;10,8;0;null;null;19,8;78;75;4,1;
2022-12-06;null;9;0;null;null;19,9;80;77;3,9;
2022-12-07;null;8,8;0;null;null;20,3;81;71;4,1;
2022-12-08;null;10,2;,4;null;null;19,2;82;76;4,6;
2022-12-09;null;10;0;null;null;19,7;82;76;3,3;
2022-12-10;null;9,8;0;null;null;20,3;82;74;3,6;
2022-12-11;null;null;null;null;null;null;null;78;null;
2022-12-12;null;null;null;null;null;null;null;null;null;
2022-12-13;null;9,9;0;null;null;19,6;84;76;3,1;
2022-12-14;null;9;0;null;null;19,7;83;77;2,8;
2022-12-15;null;9,5;0;null;null;20,3;81;74;4,1;
2022-12-16;null;9;0;null;null;20,2;84;61;4,4;
2022-12-17;null;9,6;null;null;null;null;81;87;5,1;
2022-12-18;null;null;null;null;null;null;null;88;null;
2022-12-19;null;9,6;0;null;null;19,7;82;69;4,4;
2022-12-20;null;10,4;0;null;null;19,8;83;77;3,9;
2022-12-21;null;10,2;0;null;null;20,3;84;67;2,8;
2022-12-22;null;4;0;null;null;20,3;76;18;4,1;
2022-12-23;null;6,8;,2;null;null;19,7;85;77;4,4;
2022-12-24;null;7,5;null;null;null;null;75;91;null;
2022-12-25;null;null;null;null;null;null;null;90;null;
2022-12-26;null;9,2;0;null;null;19,8;86;72;4,1;
2022-12-27;null;8,5;0;null;null;19,8;84;79;3,9;
2022-12-28;null;6,2;0;null;null;19,9;86;79;4,1;
2022-12-29;null;7,9;19,8;null;null;19,2;90;91;3,1;
2022-12-30;null;7,2;3,6;null;null;19,3;83;82;4,1;
2022-12-31;null;4,7;7,2;null;null;19,2;86;77;3,3;
2023-01-01;null;null;null;null;null;null;null;89;null;
2023-01-02;null;null;null;null;null;null;null;null;null;
2023-01-03;null;null;null;null;null;null;null;null;null;
2023-01-04;null;null;null;null;null;null;null;null;null;
2023-01-05;null;null;null;null;null;null;null;null;null;
2023-01-06;null;null;null;null;null;null;null;null;null;
2023-01-07;null;null;null;null;null;null;null;null;null;
2023-01-08;null;null;null;null;null;null;null;null;null;
2023-01-09;null;null;null;null;null;null;null;null;null;
2023-01-10;null;null;null;null;null;null;null;null;null;
2023-01-11;null;null;null;null;null;null;null;null;null;
2023-01-12;null;null;null;null;null;null;null;null;null;
2023-01-13;null;null;null;null;null;null;null;null;null;
2023-01-14;null;null;null;null;null;null;null;null;null;
2023-01-15;null;null;null;null;null;null;null;null;null;
2023-01-16;null;null;null;null;null;null;null;null;null;
2023-01-17;null;null;null;null;null;null;null;null;null;
2023-01-18;null;null;null;null;null;null;null;null;null;
2023-01-19;null;null;null;null;null;null;null;null;null;
2023-01-20;null;null;null;null;null;null;null;null;null;
2023-01-21;null;null;null;null;null;null;null;null;null;
2023-01-22;null;null;null;null;null;null;null;null;null;
2023-01-23;null;null;null;null;null;null;null;null;null;
2023-01-24;null;null;null;null;null;null;null;null;null;
2023-01-25;null;null;null;null;null;null;null;null;null;
2023-01-26;null;null;null;null;null;null;null;null;null;
2023-01-27;null;null;null;null;null;null;null;null;null;
2023-01-28;null;null;null;null;null;null;null;null;null;
2023-01-29;null;null;null;null;null;null;null;null;null;
2023-01-30;null;null;null;null;null;null;null;null;null;
2023-01-31;null;9,2;0;null;null;20,3;85;81;3,9;
2023-02-01;null;8,9;0;null;null;20,3;86;81;3,9;
2023-02-02;null;7,5;0;null;null;21,5;86;81;3,9;
2023-02-03;null;8,6;0;null;null;23;77;67;2,6;
2023-02-04;null;8,9;0;null;null;22,7;78;68;5,7;
2023-02-05;null;null;null;null;null;null;null;75;null;
2023-02-06;null;9;0;null;null;21,7;79;68;3,9;
2023-02-07;null;8,8;null;null;null;null;84;89;2,6;
2023-02-08;null;10,5;0;null;null;23;88;82;2,1;
2023-02-09;null;9,5;0;null;null;20,7;85;88;4,6;
2023-02-10;null;8;0;null;null;21,7;80;80;3,9;
2023-02-11;null;1;0;null;null;22,2;86;78;2,3;
2023-02-12;null;null;null;null;null;null;null;91;null;
2023-02-13;null;8,7;0;null;null;21,9;85;78;4,4;
2023-02-14;null;8,2;0;null;null;19,8;85;86;4,1;
2023-02-15;null;8,9;0;null;null;22,3;88;83;2,3;
2023-02-16;null;8;0;null;null;19,2;84;82;2,8;
2023-02-17;null;3;0;null;null;null;81;56;5,7;
2023-02-18;null;5,7;0;null;null;20,7;87;72;2,8;
2023-02-19;null;null;null;null;null;null;null;88;null;
2023-02-20;null;8,6;0;null;null;21,2;83;58;4,1;
2023-02-21;null;null;null;null;null;null;null;88;5,1;
2023-02-22;null;5,5;36,2;null;null;19,7;85;81;5,7;
2023-02-23;null;7;3,3;null;null;19,7;91;86;2,3;
2023-02-24;null;2;5,4;null;null;19,3;93;78;4,6;
2023-02-25;null;9,5;0;null;null;19,5;86;81;3,3;
2023-02-26;null;null;null;null;null;null;null;88;null;
2023-02-27;null;10,2;0;null;null;19,7;82;78;2,8;
2023-02-28;null;8,7;0;null;null;19,7;85;78;2,3;
2023-03-01;null;9,4;0;null;null;20,5;84;78;3,3;
2023-03-02;null;6,2;0;null;null;21,7;88;82;3,3;
2023-03-03;null;1,9;43,8;null;null;19,2;91;90;4,1;
2023-03-04;null;9,8;50,4;null;null;19,4;89;88;4,1;
2023-03-05;null;null;null;null;null;null;null;90;null;
2023-03-06;null;5,4;0;null;null;19,7;83;81;3,6;
2023-03-07;null;8,4;0;null;null;19,9;92;82;6,2;
2023-03-08;null;2,1;6,8;null;null;20,3;87;85;7,5;
2023-03-09;null;3,2;9,6;null;null;19,7;87;91;4,4;
2023-03-10;null;null;7,8;null;null;19,7;null;86;7,2;
2023-03-11;null;10,2;0;null;null;20,9;89;86;4,9;
2023-03-12;null;null;null;null;null;null;null;90;null;
2023-03-13;null;8,3;0;null;null;19,7;83;83;6,7;
2023-03-14;null;7,6;0;null;null;20,3;88;79;3,6;
2023-03-15;null;8,7;0;null;null;21,9;83;78;4,6;
2023-03-16;null;2,2;,2;null;null;20,3;90;88;4,9;
2023-03-17;null;3,1;6,6;null;null;19,8;84;83;5,4;
2023-03-18;null;4,9;0;null;null;20,3;88;73;4,9;
2023-03-19;null;null;null;null;null;null;null;94;null;
2023-03-20;null;2,6;3,2;null;null;21,1;86;81;5,9;
2023-03-21;null;5,8;0;null;null;19,9;88;84;6,7;
2023-03-22;null;7;21;null;null;21,3;85;83;5,9;
2023-03-23;null;10,2;,6;null;null;21,7;83;81;7,2;
2023-03-24;null;7;0;null;null;21,5;88;81;5,4;
2023-03-25;null;3,4;0;null;null;22;85;80;6,2;
2023-03-26;null;null;null;null;null;null;null;88;null;
2023-03-27;null;7;75,4;null;null;21,2;93;95;5,7;
2023-03-28;null;6,7;1,8;null;null;21,7;81;77;6,2;
2023-03-29;null;7,4;16,8;null;null;20,6;93;83;3,9;
2023-03-30;null;6,1;,4;null;null;22;79;75;5,9;
2023-03-31;null;7,8;0;null;null;21,9;83;81;6,7;
2023-04-01;null;8,5;0;null;null;21,6;87;74;4,1;
2023-04-02;null;null;null;null;null;null;null;92;null;
2023-04-03;null;5,8;0;null;null;null;93;92;4,1;
2023-04-04;null;9;0;null;null;21,3;92;87;4,6;
2023-04-05;null;4,6;15,4;null;null;22;90;85;5,7;
2023-04-06;null;1,8;1,8;null;null;21,9;87;84;4,9;
2023-04-07;null;5,2;16;null;null;21,2;87;79;3,6;
2023-04-08;null;6,4;8,6;null;null;21,7;87;81;4,6;
2023-04-09;null;null;null;null;null;null;null;89;null;
2023-04-10;null;6,6;0;null;null;21,6;87;79;5,1;
2023-04-11;null;8,8;5,4;null;null;21,3;85;81;5,9;
2023-04-12;null;7,4;0;null;null;21,1;87;81;5,1;
2023-04-13;null;4,8;5,6;null;null;20,3;88;83;5,4;
2023-04-14;null;3,6;21,8;null;null;20,3;90;91;3,3;
2023-04-15;null;5,1;17,5;null;null;20,5;92;94;4,4;
2023-04-16;null;null;null;null;null;null;null;87;null;
2023-04-17;null;6,4;45,6;null;null;21,1;91;91;5,9;
2023-04-18;null;7,8;2,4;null;null;20,7;84;80;4,1;
2023-04-19;null;8;0;null;null;20,9;92;84;4,6;
2023-04-20;null;9,2;0;null;null;21,3;87;79;4,6;
2023-04-21;null;8,9;0;null;null;21,2;83;81;4,4;
2023-04-22;null;9;0;null;null;20,9;84;84;4,9;
2023-04-23;null;null;null;null;null;null;null;85;null;
2023-04-24;null;8,9;0;null;null;20,8;90;84;3,3;
2023-04-25;null;8,4;0;null;null;21,1;81;88;4,6;
2023-04-26;null;7,5;2,2;null;null;21,5;87;44;2,8;
2023-04-27;null;3,7;1,4;null;null;20,7;87;83;5,7;
2023-04-28;null;8;0;null;null;20,6;88;79;3,9;
2023-04-29;null;7,7;26,2;null;null;20,8;90;91;4,1;
2023-04-30;null;null;null;null;null;null;null;91;null;
2023-05-01;null;10,3;0;null;null;20,7;83;null;5,7;
2023-05-02;null;10,3;0;null;null;21,2;84;78;6,7;
2023-05-03;null;8,8;0;null;null;21,1;81;79;3,6;
2023-05-04;null;9,3;,6;null;null;21,7;87;81;4,9;
2023-05-05;null;9,3;0;null;null;21;87;81;4,6;
2023-05-06;null;8,1;,2;null;null;21,5;82;81;4,6;
2023-05-07;null;null;null;null;null;null;null;82;null;
2023-05-08;null;10;0;null;null;21,8;87;79;5,9;
2023-05-09;null;9;0;null;null;21;86;77;4,6;
2023-05-10;null;9,5;null;null;null;null;80;91;8,2;
2023-05-11;null;9,5;0;null;null;21,5;80;78;6,9;
2023-05-12;null;,4;0;null;null;20,9;88;79;4,6;
2023-05-13;null;8,1;,4;null;null;20,9;88;81;6,2;
2023-05-14;null;null;null;null;null;null;null;93;null;
2023-05-15;null;6,5;0;null;null;20,5;90;91;4,1;
2023-05-16;null;8,3;0;null;null;20,5;89;90;4,4;
2023-05-17;null;5,7;1,4;null;null;20,7;90;85;4,6;
2023-05-18;null;6,8;,2;null;null;20,7;90;83;3,1;
2023-05-19;null;4,8;8,4;null;null;20,3;91;87;5,1;
2023-05-20;null;8,1;8,6;null;null;20,7;88;82;6,2;
2023-05-21;null;null;null;null;null;null;null;91;null;
2023-05-22;null;8,5;0;null;null;20,8;92;93;4,6;
2023-05-23;null;10;4,2;null;null;21,2;90;82;6,2;
2023-05-24;null;10;0;null;null;21;91;85;3,1;
2023-05-25;null;null;0;null;null;21,2;null;88;2,1;
2023-05-26;null;5,3;0;null;null;21,2;90;86;5,7;
2023-05-27;null;10,7;0;null;null;21,5;94;90;2,3;
2023-05-28;null;null;null;null;null;null;null;94;null;
2023-05-29;null;9,8;2,2;null;null;20,3;92;86;3,6;
2023-05-30;null;4,9;4,4;null;null;20,1;90;87;5,4;
2023-05-31;null;7,2;3,6;null;null;20,8;92;91;3,6;
2023-06-01;null;6;,2;null;null;20,8;86;76;5,4;
2023-06-02;null;8,2;0;null;null;20,7;80;84;3,6;
2023-06-03;null;8,2;0;null;null;20,3;91;84;4,1;
2023-06-04;null;null;null;null;null;null;null;91;null;
2023-06-05;null;7,4;0;null;null;19,8;89;80;5,4;
2023-06-06;null;8,5;0;null;null;20,2;90;86;3,1;
2023-06-07;null;6,3;,5;null;null;19,6;93;92;6,7;
2023-06-08;null;8,2;14;null;null;20,2;93;92;4,6;
2023-06-09;null;null;7,4;null;null;18,7;94;83;1,8;
2023-06-10;null;10,3;8,4;null;null;19,3;90;91;4,6;
2023-06-11;null;null;null;null;null;null;null;92;null;
2023-06-12;null;1,8;14,2;null;null;20;95;95;3,6;
2023-06-13;null;9,4;0;null;null;20,1;88;85;3,6;
2023-06-14;null;9,4;0;null;null;22,5;93;91;4,6;
2023-06-15;null;,6;26,2;null;null;19,7;94;91;3,3;
2023-06-16;null;null;16,2;null;null;20,2;93;93;4,6;
2023-06-17;null;6,2;13,9;null;null;19,9;94;91;5,1;
2023-06-18;null;null;null;null;null;null;null;91;null;
2023-06-19;null;8,8;0;null;null;20,7;91;87;4,9;
2023-06-20;null;7,8;0;null;null;20,2;93;93;6,2;
2023-06-21;null;9,4;0;null;null;20,2;91;85;5,1;
2023-06-22;null;null;1,6;null;null;20,2;null;85;4,1;
2023-06-23;null;9;0;null;null;20,2;94;93;4,1;
2023-06-24;null;9,8;,4;null;null;20;94;91;4,6;
2023-06-25;null;null;null;null;null;null;null;95;null;
2023-06-26;null;10,1;3,2;null;null;19,6;94;93;3,3;
2023-06-27;null;7,4;1,4;null;null;19,5;92;90;4,4;
2023-06-28;null;0;10,4;null;null;18,9;96;91;3,3;
2023-06-29;null;4,8;10,4;null;null;18,9;93;95;2,8;
2023-06-30;null;8,2;1,2;null;null;19,5;92;91;3,3;
2023-07-01;null;10;1,6;null;null;19,6;92;91;4,6;
2023-07-02;null;null;null;null;null;null;null;94;null;
2023-07-03;null;9,8;0;null;null;19,7;93;93;4,4;
2023-07-04;null;4,2;0;null;null;19,9;94;92;2,8;
2023-07-05;null;8,2;0;null;null;19,7;92;91;3,9;
2023-07-06;null;null;null;null;null;null;92;94;1,5;
2023-07-07;null;2,2;45,6;null;null;19,3;92;89;2,3;
2023-07-08;null;null;9,4;null;null;18,7;null;84;1,5;
2023-07-09;null;null;null;null;null;null;null;null;null;
2023-07-10;null;9,6;5,2;null;null;19,3;92;86;4,1;
2023-07-11;null;9,9;0;null;null;19,2;92;91;4,6;
2023-07-12;null;10,2;0;null;null;19,2;93;91;5,1;
2023-07-13;null;9,6;0;null;null;19,2;92;91;3,6;
2023-07-14;null;10,1;0;null;null;19,4;92;86;5,1;
2023-07-15;null;9,1;null;null;null;null;91;94;4,1;
2023-07-16;null;null;null;null;null;null;null;93;null;
2023-07-17;null;10,4;1,4;null;null;19,2;95;91;3,1;
2023-07-18;null;8,1;3,8;null;null;20,2;93;91;6,2;
2023-07-19;null;0;31,4;null;null;19,1;94;92;2,8;
2023-07-20;null;10;3,8;null;null;19,7;85;85;4,1;
2023-07-21;null;9,8;0;null;null;19,5;94;91;4,6;
2023-07-22;null;10,4;0;null;null;19,7;91;86;4,1;
2023-07-23;null;null;null;null;null;null;null;94;null;
2023-07-24;null;5,7;3,2;null;null;18,3;92;91;2,6;
2023-07-25;null;9,4;0;null;null;19,5;91;91;3,1;
2023-07-26;null;10,6;0;null;null;18,8;92;91;3,6;
2023-07-27;null;8,2;1,6;null;null;18,3;94;92;4,1;
2023-07-28;null;9,3;2,1;null;null;18,2;93;91;2,1;
2023-07-29;null;9,6;0;null;null;19,1;92;91;4,4;
2023-07-30;null;null;null;null;null;null;null;94;null;
2023-07-31;null;8,5;0;null;null;18,3;92;91;4,6;
2023-08-01;null;9,8;0;null;null;18,6;91;93;3,3;
2023-08-02;null;7,5;0;null;null;18,9;93;91;2,6;
2023-08-03;null;6,4;1,2;null;null;18,3;95;94;3,6;
2023-08-04;null;10,5;1,4;null;null;19,5;92;91;3,3;
2023-08-05;null;9,3;0;null;null;19,2;91;87;4,1;
2023-08-06;null;null;null;null;null;null;null;92;null;
2023-08-07;null;9,6;12,2;null;null;18,2;94;95;4,6;
2023-08-08;null;5,2;6,6;null;null;18,2;94;94;2,3;
2023-08-09;null;4,2;5,2;null;null;18,3;93;91;4,1;
2023-08-10;null;9,4;8,1;null;null;18,7;93;92;2,8;
2023-08-11;null;9,9;0;null;null;18,9;92;85;2,6;
2023-08-12;null;9,2;3,1;null;null;18,7;93;94;1,8;
2023-08-13;null;null;null;null;null;null;null;95;null;
2023-08-14;null;11;0;null;null;18,3;92;92;3,3;
2023-08-15;null;9,6;0;null;null;18,7;91;91;4,4;
2023-08-16;null;8,8;0;null;null;18,6;92;91;4,1;
2023-08-17;null;10,4;0;null;null;18,3;94;93;3,3;
2023-08-18;null;4,2;0;null;null;18,6;93;91;4,4;
2023-08-19;null;0;4,2;null;null;18,5;95;95;3,3;
2023-08-20;null;null;null;null;null;null;null;96;null;
2023-08-21;null;2,2;0;null;null;18,9;93;91;4,1;
2023-08-22;null;9,1;10,8;null;null;19,3;92;91;3,6;
2023-08-23;null;6,6;3,2;null;null;18,3;92;88;2,6;
2023-08-24;null;9,6;0;null;null;18,8;90;86;3,3;
2023-08-25;null;8,7;0;null;null;19,3;91;89;3,3;
2023-08-26;null;9,4;0;null;null;18,7;86;80;3,3;
2023-08-27;null;null;null;null;null;null;null;79;null;
2023-08-28;null;9,8;0;null;null;20,3;93;89;2,3;
2023-08-29;null;8,5;0;null;null;20,1;92;83;3,6;
2023-08-30;null;9,1;0;null;null;18,6;90;84;2,6;
2023-08-31;null;4,4;0;null;null;19,7;88;84;3,3;
2023-09-01;null;8,8;null;null;null;null;91;91;1,5;
2023-09-02;null;9,1;null;null;null;null;90;91;5,1;
2023-09-03;null;null;null;null;null;null;null;94;null;
2023-09-04;null;6,8;0;null;null;18,2;91;93;1,8;
2023-09-05;null;7,6;5,4;null;null;18,5;90;91;4,1;
2023-09-06;null;8,5;0;null;null;18,7;90;80;4,6;
2023-09-07;null;8,2;1,2;null;null;18,3;90;89;1,8;
2023-09-08;null;8,7;2,6;null;null;18,2;92;89;3,3;
2023-09-09;null;7,1;0;null;null;18,7;89;86;2,6;
2023-09-10;null;null;null;null;null;null;null;90;null;
2023-09-11;null;9,4;2,4;null;null;18,2;88;81;3,1;
2023-09-12;null;7,4;2,4;null;null;18,2;94;81;2,8;
2023-09-13;null;9,2;5,2;null;null;19,2;90;84;3,6;
2023-09-14;null;7,4;0;null;null;19,5;90;91;3,3;
2023-09-15;null;4;9,4;null;null;19,2;90;88;4,1;
2023-09-16;null;9,4;0;null;null;18,7;90;81;3,6;
2023-09-17;null;null;null;null;null;null;null;86;null;
2023-09-18;null;7;1,2;null;null;19,3;87;81;3,6;
2023-09-19;null;6,7;0;null;null;19,3;81;86;3,6;
2023-09-20;null;4,9;3,4;null;null;18,5;91;84;3,6;
2023-09-21;null;8,2;0;null;null;18,9;91;85;2,6;
2023-09-22;null;7,6;2,6;null;null;18,2;93;94;4,1;
2023-09-23;null;9,2;0;null;null;18,7;92;82;4,6;
2023-09-24;null;null;null;null;null;null;null;93;null;
2023-09-25;null;8,8;0;null;null;18,7;92;91;3,3;
2023-09-26;null;8,6;0;null;null;19,5;93;91;3,6;
2023-09-27;null;9,4;0;null;null;19,3;92;90;4,4;
2023-09-28;null;9,4;0;null;null;19,7;92;87;2,8;
2023-09-29;null;9,8;0;null;null;18,7;87;83;1,5;
2023-09-30;null;9;0;null;null;18,7;89;85;2,6;
2023-10-01;null;null;null;null;null;null;null;88;null;
2023-10-02;null;9,2;0;null;null;20;80;79;3,6;
2023-10-03;null;9,6;0;null;null;19,3;88;84;4,1;
2023-10-04;null;9;0;null;null;19,5;86;81;4,1;
2023-10-05;null;9,4;0;null;null;19;80;78;2,3;
2023-10-06;null;9,6;,6;null;null;19,3;92;81;2,3;
2023-10-07;null;9,8;,4;null;null;19,3;88;85;3,9;
2023-10-08;null;null;null;null;null;null;null;90;null;
2023-10-09;null;9,7;0;null;null;20,3;84;84;4,1;
2023-10-10;null;9,4;0;null;null;19,7;84;81;3,6;
2023-10-11;null;8,7;0;null;null;19,7;86;77;2,3;
2023-10-12;null;9;0;null;null;19,7;88;81;3,3;
2023-10-13;null;6,1;0;null;null;19,3;80;81;5,1;
2023-10-14;null;8,7;0;null;null;19,5;88;82;3,6;
2023-10-15;null;null;null;null;null;null;null;96;null;
2023-10-16;null;6,3;0;null;null;20;88;81;3,6;
2023-10-17;null;9,6;0;null;null;20,2;88;81;1,8;
2023-10-18;null;9,2;0;null;null;20,3;87;83;3,3;
2023-10-19;null;6,2;1,2;null;null;20,4;89;80;1,8;
2023-10-20;null;7,6;0;null;null;19,7;83;85;3,3;
2023-10-21;null;8,8;0;null;null;20,3;86;79;2,8;
2023-10-22;null;null;null;null;null;null;null;91;null;
2023-10-23;null;2,1;0;null;null;18,6;85;92;3,3;
2023-10-24;null;8,6;0;null;null;18,7;78;84;1,8;
2023-10-25;null;8,6;0;null;null;18,7;85;80;5,1;
2023-10-26;null;4,6;0;null;null;18,2;82;81;3,6;
2023-10-27;null;9,1;0;null;null;null;88;84;4,6;
2023-10-28;null;7;0;null;null;19,2;86;84;4,6;
2023-10-29;null;null;null;null;null;null;null;85;null;
2023-10-30;null;5;0;null;null;19,2;85;84;4,1;
2023-10-31;null;8,1;0;null;null;19,5;81;81;3,3;
2023-11-01;null;9;0;null;null;20;82;78;1,8;
2023-11-02;null;8;2,2;null;null;19,3;90;83;3,3;
2023-11-03;null;5,4;0;null;null;19,5;80;81;3,1;
2023-11-04;null;8,8;0;null;null;19,3;84;81;4,1;
2023-11-05;null;null;null;null;null;null;null;83;null;
2023-11-06;null;9,6;0;null;null;19,3;83;81;3,3;
2023-11-07;null;8,3;0;null;null;18,5;88;78;3,1;
2023-11-08;null;8,4;0;null;null;18,2;88;76;1,8;
2023-11-09;null;8,4;0;null;null;19,7;86;81;2,1;
2023-11-10;null;9;0;null;null;20,1;80;78;3,6;
2023-11-11;null;8,1;0;null;null;19,5;88;77;4,6;
2023-11-12;null;null;null;null;null;null;null;94;null;
2023-11-13;null;10;0;null;null;19,5;82;78;3,3;
2023-11-14;null;7;0;null;null;18,9;82;85;3,3;
2023-11-15;null;8,2;0;null;null;19,2;84;84;4,6;
2023-11-16;null;9,7;0;null;null;18,8;73;74;4,1;
2023-11-17;null;9,6;0;null;null;18,9;75;76;2,8;
2023-11-18;null;7,4;0;null;null;19,3;85;76;1,8;
2023-11-19;null;null;null;null;null;null;null;83;null;
2023-11-20;null;8,6;0;null;null;19,3;82;81;3,6;
2023-11-21;null;8,6;0;null;null;18,9;80;79;3,3;
2023-11-22;null;7,9;11,6;null;null;18,3;80;81;3,6;
2023-11-23;null;8,9;0;null;null;18,5;80;76;4,1;
2023-11-24;null;10,3;0;null;null;20,6;83;81;3,6;
2023-11-25;null;10,6;0;null;null;20,3;86;79;4,1;
2023-11-26;null;null;null;null;null;null;null;90;null;
2023-11-27;null;10,5;1,2;null;null;18,8;91;92;3,6;
2023-11-28;null;5,5;202,4;null;null;19,2;93;91;1;
2023-11-29;null;7,6;0;null;null;18,9;93;85;2,8;
2023-11-30;null;9,6;1,4;null;null;18,2;88;85;2,3;
2023-12-01;null;10,8;0;null;null;18,7;85;86;3,3;
2023-12-02;null;10,8;0;null;null;18,8;94;83;4,1;
2023-12-03;null;null;null;null;null;null;null;84;null;
2023-12-04;null;11,2;0;null;null;21,3;77;74;3,6;
2023-12-05;null;8,8;0;null;null;18,5;80;75;1,8;
2023-12-06;null;10,2;0;null;null;18,5;86;69;3,3;
2023-12-07;null;9,4;0;null;null;18,7;83;77;4,1;
2023-12-08;null;10,7;0;null;null;18,2;86;80;2,6;
2023-12-09;null;9,5;0;null;null;18,6;84;77;3,3;
2023-12-10;null;null;null;null;null;null;null;90;null;
2023-12-11;null;9,5;1,1;null;null;18,4;91;86;3,3;
2023-12-12;null;10,1;0;null;null;18,5;83;78;4,1;
2023-12-13;null;8,1;0;null;null;20,1;83;77;3,3;
2023-12-14;null;11;0;null;null;18,8;81;78;4,1;
2023-12-15;null;3,2;15,4;null;null;18,1;92;88;1,5;
2023-12-16;null;null;null;null;null;18,3;null;76;3,1;
2023-12-17;null;null;null;null;null;null;null;null;null;
2023-12-18;null;8,4;2,1;null;null;18,7;80;76;1,8;
2023-12-19;null;5;0;null;null;18,9;80;77;2,3;
2023-12-20;null;0;1,2;null;null;18,9;89;82;2,3;
2023-12-21;null;7,5;31,8;null;null;19,2;92;92;2,6;
2023-12-22;null;8,7;1,6;null;null;19,2;83;74;2,6;
2023-12-23;null;8,8;0;null;null;19;79;77;4,1;
2023-12-24;null;null;null;null;null;null;null;82;null;
2023-12-25;null;3,6;null;null;null;null;88;null;1,5;
2023-12-26;null;10;1,4;null;null;18,1;83;78;3,3;
2023-12-27;null;8,7;0;null;null;18,7;82;76;2,3;
2023-12-28;null;8,8;0;null;null;18,7;83;81;2,6;
2023-12-29;null;9,2;0;null;null;18,7;87;83;1,8;
2023-12-30;null;10,2;0;null;null;18,7;87;84;2,6;
2023-12-31;null;null;null;null;null;null;null;94;null;
2024-01-01;null;null;null;null;null;null;null;null;null;
2024-01-02;null;null;null;null;null;null;null;null;null;
2024-01-03;null;null;null;null;null;null;null;null;null;
2024-01-04;null;null;null;null;null;null;null;null;null;
2024-01-05;null;null;null;null;null;null;null;null;null;
2024-01-06;null;null;null;null;null;null;null;null;null;
2024-01-07;null;null;null;null;null;null;null;null;null;
2024-01-08;null;null;null;null;null;null;null;null;null;
2024-01-09;null;null;null;null;null;null;null;null;null;
2024-01-10;null;null;null;null;null;null;null;null;null;
2024-01-11;null;null;null;null;null;null;null;null;null;
2024-01-12;null;null;null;null;null;null;null;null;null;
2024-01-13;null;null;null;null;null;null;null;null;null;
2024-01-14;null;null;null;null;null;null;null;null;null;
2024-01-15;null;null;null;null;null;null;null;null;null;
2024-01-16;null;null;null;null;null;null;null;null;null;
2024-01-17;null;null;null;null;null;null;null;null;null;
2024-01-18;null;null;null;null;null;null;null;null;null;
2024-01-19;null;null;null;null;null;null;null;null;null;
2024-01-20;null;null;null;null;null;null;null;null;null;
2024-01-21;null;null;null;null;null;null;null;null;null;
2024-01-22;null;null;null;null;null;null;null;null;null;
2024-01-23;null;null;null;null;null;null;null;null;null;
2024-01-24;null;null;null;null;null;null;null;null;null;
2024-01-25;null;null;null;null;null;null;null;null;null;
2024-01-26;null;null;null;null;null;null;null;null;null;
2024-01-27;null;null;null;null;null;null;null;null;null;
2024-01-28;null;null;null;null;null;null;null;null;null;
2024-01-29;null;null;null;null;null;null;null;null;null;
2024-01-30;null;null;null;null;null;null;null;null;null;
2024-01-31;null;11;0;null;null;null;86;75;3,3;
2024-02-01;null;9,3;0;null;null;18,5;72;77;2,8;
2024-02-02;null;10,7;null;null;null;null;77;73;2,1;
2024-02-03;null;3,8;11,2;null;null;20,2;92;79;1,8;
2024-02-04;null;null;null;null;null;null;null;91;null;
2024-02-05;null;9,7;0;null;null;19,7;92;92;3,6;
2024-02-06;null;10,1;0;null;null;19,3;84;82;2,8;
2024-02-07;null;9;0;null;null;22,2;85;79;1,8;
2024-02-08;null;10,7;0;null;null;22,9;87;85;3,3;
2024-02-09;null;9,8;0;null;null;22,1;91;90;3,3;
2024-02-10;null;5,2;3,2;null;null;20,7;91;90;2,8;
2024-02-11;null;null;null;null;null;null;null;92;null;
2024-02-12;null;9,5;1,3;null;null;22,4;93;88;3,3;
2024-02-13;null;9,1;0;null;null;22,5;93;85;2,3;
2024-02-14;null;9;3,4;null;null;20,7;88;85;2,8;
2024-02-15;null;,4;16,4;null;null;19,7;92;89;1,8;
2024-02-16;null;5,5;11,2;null;null;19,7;90;87;3,3;
2024-02-17;null;7;0;null;null;20,2;85;78;3,3;
2024-02-18;null;9,2;null;null;null;null;89;91;5,1;
2024-02-19;null;9,2;0;null;null;19,3;87;77;3,6;
2024-02-20;null;,2;3,4;null;null;18,3;91;91;1,5;
2024-02-21;null;8,2;38;null;null;18,7;94;89;3,6;
2024-02-22;null;7,9;8,1;null;null;18,9;84;83;2,8;
2024-02-23;null;5,3;16,6;null;null;19,3;91;88;1,5;
2024-02-24;null;9,3;0;null;null;19,7;85;81;4,1;
2024-02-25;null;null;null;null;null;null;null;89;null;
2024-02-26;null;0;1,6;null;null;18,9;86;86;3,3;
2024-02-27;null;0;28,8;null;null;18,2;94;90;3,3;
2024-02-28;null;7,6;5,4;null;null;18,7;89;85;2,8;
2024-02-29;null;7;14,6;null;null;18,3;82;86;3,3;
2024-03-01;null;8,2;0;null;null;18,2;86;78;2,8;
2024-03-02;null;8,9;0;null;null;20,3;86;82;3,3;
2024-03-03;null;null;null;null;null;null;null;86;null;
2024-03-04;null;10,4;0;null;null;18,7;84;85;3,3;
2024-03-05;null;2,6;1,2;null;null;18,2;93;84;1,8;
2024-03-06;null;1,8;4,6;null;null;21,5;93;94;1,5;
2024-03-07;null;8,4;21;null;null;18,3;88;82;3,3;
2024-03-08;null;0;15,6;null;null;18,9;91;84;2,1;
2024-03-09;null;8,6;16,9;null;null;19,9;88;81;1,8;
2024-03-10;null;null;null;null;null;null;null;92;null;
2024-03-11;null;9,8;0;null;null;21;94;94;1,8;
2024-03-12;null;9,4;0;null;null;19,7;85;85;1,8;
2024-03-13;null;8,1;0;null;null;22,2;94;85;3,3;
2024-03-14;null;8,4;3,2;null;null;22,9;93;91;1,8;
2024-03-15;null;8,6;20,8;null;null;20,6;88;79;3,6;
2024-03-16;null;9,2;0;null;null;22,2;89;80;5,1;
2024-03-17;null;null;null;null;null;null;null;94;null;
2024-03-18;null;9,2;0;null;null;22,2;89;91;4,1;
2024-03-19;null;9,4;0;null;null;20,7;89;91;3,3;
2024-03-20;null;8,4;0;null;null;21,2;88;85;2,3;
2024-03-21;null;10;0;null;null;21,3;81;79;3,3;
2024-03-22;null;10,3;0;null;null;22,2;87;71;3,6;
2024-03-23;null;9,4;0;null;null;22,2;81;80;3,3;
2024-03-24;null;null;null;null;null;null;null;93;null;
2024-03-25;null;10,4;0;null;null;null;85;63;3,3;
2024-03-26;null;9;0;null;null;22,4;88;86;2,3;
2024-03-27;null;0;20,8;null;null;21,5;93;82;2,3;
2024-03-28;null;5,7;31,8;null;null;21,4;92;89;1,8;
2024-03-29;null;0;8,6;null;null;21,2;93;86;2,8;
2024-03-30;null;,6;32,1;null;null;22,3;96;95;2,3;
2024-03-31;null;null;null;null;null;null;null;91;null;

