Nome: MATEUS LEME
Codigo Estacao: 83578
Latitude: -20.02
Longitude: -44.35
Altitude: 768
Situacao: Desativada
Data Inicial: 2020-01-01
Data Final: 2024-03-31
Periodicidade da Medicao: Diaria

Data Medicao;EVAPORACAO DO PICHE, DIARIA(mm);INSOLACAO TOTAL, DIARIO(h);PRECIPITACAO TOTAL, DIARIO(mm);TEMPERATURA MAXIMA, DIARIA(°C);TEMPERATURA MEDIA COMPENSADA, DIARIA(°C);TEMPERATURA MINIMA, DIARIA(°C);UMIDADE RELATIVA DO AR, MEDIA DIARIA(%);UMIDADE RELATIVA DO AR, MINIMA DIARIA(%);VENTO, VELOCIDADE MEDIA DIARIA(m/s);
2020-01-01;null;null;null;null;null;null;null;null;null;
2020-01-02;null;null;null;null;null;null;null;null;null;
2020-01-03;null;null;null;null;null;null;null;null;null;
2020-01-04;null;null;null;null;null;null;null;null;null;
2020-01-05;null;null;null;null;null;null;null;null;null;
2020-01-06;null;null;null;null;null;null;null;null;null;
2020-01-07;null;null;null;null;null;null;null;null;null;
2020-01-08;null;null;null;null;null;null;null;null;null;
2020-01-09;null;null;null;null;null;null;null;null;null;
2020-01-10;null;null;null;null;null;null;null;null;null;
2020-01-11;null;null;null;null;null;null;null;null;null;
2020-01-12;null;null;null;null;null;null;null;null;null;
2020-01-13;null;null;null;null;null;null;null;null;null;
2020-01-14;null;null;null;null;null;null;null;null;null;
2020-01-15;null;null;null;null;null;null;null;null;null;
2020-01-16;null;null;null;null;null;null;null;null;null;
2020-01-17;null;null;null;null;null;null;null;null;null;
2020-01-18;null;null;null;null;null;null;null;null;null;
2020-01-19;null;null;null;null;null;null;null;null;null;
2020-01-20;null;null;null;null;null;null;null;null;null;
2020-01-21;null;null;null;null;null;null;null;null;null;
2020-01-22;null;null;null;null;null;null;null;null;null;
2020-01-23;null;null;null;null;null;null;null;null;null;
2020-01-24;null;null;null;null;null;null;null;null;null;
2020-01-25;null;null;null;null;null;null;null;null;null;
2020-01-26;null;null;null;null;null;null;null;null;null;
2020-01-27;null;null;null;null;null;null;null;null;null;
2020-01-28;null;null;null;null;null;null;null;null;null;
2020-01-29;null;null;null;null;null;null;null;null;null;
2020-01-30;null;null;null;null;null;null;null;null;null;
2020-01-31;null;null;null;null;null;null;null;null;null;
2020-02-01;null;null;null;null;null;null;null;null;null;
2020-02-02;null;null;null;null;null;null;null;null;null;
2020-02-03;null;null;null;null;null;null;null;null;null;
2020-02-04;null;null;null;null;null;null;null;null;null;
2020-02-05;null;null;null;null;null;null;null;null;null;
2020-02-06;null;null;null;null;null;null;null;null;null;
2020-02-07;null;null;null;null;null;null;null;null;null;
2020-02-08;null;null;null;null;null;null;null;null;null;
2020-02-09;null;null;null;null;null;null;null;null;null;
2020-02-10;null;null;null;null;null;null;null;null;null;
2020-02-11;null;null;null;null;null;null;null;null;null;
2020-02-12;null;null;null;null;null;null;null;null;null;
2020-02-13;null;null;null;null;null;null;null;null;null;
2020-02-14;null;null;null;null;null;null;null;null;null;
2020-02-15;null;null;null;null;null;null;null;null;null;
2020-02-16;null;null;null;null;null;null;null;null;null;
2020-02-17;null;null;null;null;null;null;null;null;null;
2020-02-18;null;null;null;null;null;null;null;null;null;
2020-02-19;null;null;null;null;null;null;null;null;null;
2020-02-20;null;null;null;null;null;null;null;null;null;
2020-02-21;null;null;null;null;null;null;null;null;null;
2020-02-22;null;null;null;null;null;null;null;null;null;
2020-02-23;null;null;null;null;null;null;null;null;null;
2020-02-24;null;null;null;null;null;null;null;null;null;
2020-02-25;null;null;null;null;null;null;null;null;null;
2020-02-26;null;null;null;null;null;null;null;null;null;
2020-02-27;null;null;null;null;null;null;null;null;null;
2020-02-28;null;null;null;null;null;null;null;null;null;
2020-02-29;null;null;null;null;null;null;null;null;null;
2020-03-01;null;null;null;null;null;null;null;null;null;
2020-03-02;null;null;null;null;null;null;null;null;null;
2020-03-03;null;null;null;null;null;null;null;null;null;
2020-03-04;null;null;null;null;null;null;null;null;null;
2020-03-05;null;null;null;null;null;null;null;null;null;
2020-03-06;null;null;null;null;null;null;null;null;null;
2020-03-07;null;null;null;null;null;null;null;null;null;
2020-03-08;null;null;null;null;null;null;null;null;null;
2020-03-09;null;null;null;null;null;null;null;null;null;
2020-03-10;null;null;null;null;null;null;null;null;null;
2020-03-11;null;null;null;null;null;null;null;null;null;
2020-03-12;null;null;null;null;null;null;null;null;null;
2020-03-13;null;null;null;null;null;null;null;null;null;
2020-03-14;null;null;null;null;null;null;null;null;null;
2020-03-15;null;null;null;null;null;null;null;null;null;
2020-03-16;null;null;null;null;null;null;null;null;null;
2020-03-17;null;null;null;null;null;null;null;null;null;
2020-03-18;null;null;null;null;null;null;null;null;null;
2020-03-19;null;null;null;null;null;null;null;null;null;
2020-03-20;null;null;null;null;null;null;null;null;null;
2020-03-21;null;null;null;null;null;null;null;null;null;
2020-03-22;null;null;null;null;null;null;null;null;null;
2020-03-23;null;null;null;null;null;null;null;null;null;
2020-03-24;null;null;null;null;null;null;null;null;null;
2020-03-25;null;null;null;null;null;null;null;null;null;
2020-03-26;null;null;null;null;null;null;null;null;null;
2020-03-27;null;null;null;null;null;null;null;null;null;
2020-03-28;null;null;null;null;null;null;null;null;null;
2020-03-29;null;null;null;null;null;null;null;null;null;
2020-03-30;null;null;null;null;null;null;null;null;null;
2020-03-31;null;null;null;null;null;null;null;null;null;
2020-04-01;null;null;null;null;null;null;null;null;null;
2020-04-02;null;null;null;null;null;null;null;null;null;
2020-04-03;null;null;null;null;null;null;null;null;null;
2020-04-04;null;null;null;null;null;null;null;null;null;
2020-04-05;null;null;null;null;null;null;null;null;null;
2020-04-06;null;null;null;null;null;null;null;null;null;
2020-04-07;null;null;null;null;null;null;null;null;null;
2020-04-08;null;null;null;null;null;null;null;null;null;
2020-04-09;null;null;null;null;null;null;null;null;null;
2020-04-10;null;null;null;null;null;null;null;null;null;
2020-04-11;null;null;null;null;null;null;null;null;null;
2020-04-12;null;null;null;null;null;null;null;null;null;
2020-04-13;null;null;null;null;null;null;null;null;null;
2020-04-14;null;null;null;null;null;null;null;null;null;
2020-04-15;null;null;null;null;null;null;null;null;null;
2020-04-16;null;null;null;null;null;null;null;null;null;
2020-04-17;null;null;null;null;null;null;null;null;null;
2020-04-18;null;null;null;null;null;null;null;null;null;
2020-04-19;null;null;null;null;null;null;null;null;null;
2020-04-20;null;null;null;null;null;null;null;null;null;
2020-04-21;null;null;null;null;null;null;null;null;null;
2020-04-22;null;null;null;null;null;null;null;null;null;
2020-04-23;null;null;null;null;null;null;null;null;null;
2020-04-24;null;null;null;null;null;null;null;null;null;
2020-04-25;null;null;null;null;null;null;null;null;null;
2020-04-26;null;null;null;null;null;null;null;null;null;
2020-04-27;null;null;null;null;null;null;null;null;null;
2020-04-28;null;null;null;null;null;null;null;null;null;
2020-04-29;null;null;null;null;null;null;null;null;null;
2020-04-30;null;null;null;null;null;null;null;null;null;
2020-05-01;null;null;null;null;null;null;null;null;null;
2020-05-02;null;null;null;null;null;null;null;null;null;
2020-05-03;null;null;null;null;null;null;null;null;null;
2020-05-04;null;null;null;null;null;null;null;null;null;
2020-05-05;null;null;null;null;null;null;null;null;null;
2020-05-06;null;null;null;null;null;null;null;null;null;
2020-05-07;null;null;null;null;null;null;null;null;null;
2020-05-08;null;null;null;null;null;null;null;null;null;
2020-05-09;null;null;null;null;null;null;null;null;null;
2020-05-10;null;null;null;null;null;null;null;null;null;
2020-05-11;null;null;null;null;null;null;null;null;null;
2020-05-12;null;null;null;null;null;null;null;null;null;
2020-05-13;null;null;null;null;null;null;null;null;null;
2020-05-14;null;null;null;null;null;null;null;null;null;
2020-05-15;null;null;null;null;null;null;null;null;null;
2020-05-16;null;null;null;null;null;null;null;null;null;
2020-05-17;null;null;null;null;null;null;null;null;null;
2020-05-18;null;null;null;null;null;null;null;null;null;
2020-05-19;null;null;null;null;null;null;null;null;null;
2020-05-20;null;null;null;null;null;null;null;null;null;
2020-05-21;null;null;null;null;null;null;null;null;null;
2020-05-22;null;null;null;null;null;null;null;null;null;
2020-05-23;null;null;null;null;null;null;null;null;null;
2020-05-24;null;null;null;null;null;null;null;null;null;
2020-05-25;null;null;null;null;null;null;null;null;null;
2020-05-26;null;null;null;null;null;null;null;null;null;
2020-05-27;null;null;null;null;null;null;null;null;null;
2020-05-28;null;null;null;null;null;null;null;null;null;
2020-05-29;null;null;null;null;null;null;null;null;null;
2020-05-30;null;null;null;null;null;null;null;null;null;
2020-05-31;null;null;null;null;null;null;null;null;null;
2020-06-01;null;null;null;null;null;null;null;null;null;
2020-06-02;null;null;null;null;null;null;null;null;null;
2020-06-03;null;null;null;null;null;null;null;null;null;
2020-06-04;null;null;null;null;null;null;null;null;null;
2020-06-05;null;null;null;null;null;null;null;null;null;
2020-06-06;null;null;null;null;null;null;null;null;null;
2020-06-07;null;null;null;null;null;null;null;null;null;
2020-06-08;null;null;null;null;null;null;null;null;null;
2020-06-09;null;null;null;null;null;null;null;null;null;
2020-06-10;null;null;null;null;null;null;null;null;null;
2020-06-11;null;null;null;null;null;null;null;null;null;
2020-06-12;null;null;null;null;null;null;null;null;null;
2020-06-13;null;null;null;null;null;null;null;null;null;
2020-06-14;null;null;null;null;null;null;null;null;null;
2020-06-15;null;null;null;null;null;null;null;null;null;
2020-06-16;null;null;null;null;null;null;null;null;null;
2020-06-17;null;null;null;null;null;null;null;null;null;
2020-06-18;null;null;null;null;null;null;null;null;null;
2020-06-19;null;null;null;null;null;null;null;null;null;
2020-06-20;null;null;null;null;null;null;null;null;null;
2020-06-21;null;null;null;null;null;null;null;null;null;
2020-06-22;null;null;null;null;null;null;null;null;null;
2020-06-23;null;null;null;null;null;null;null;null;null;
2020-06-24;null;null;null;null;null;null;null;null;null;
2020-06-25;null;null;null;null;null;null;null;null;null;
2020-06-26;null;null;null;null;null;null;null;null;null;
2020-06-27;null;null;null;null;null;null;null;null;null;
2020-06-28;null;null;null;null;null;null;null;null;null;
2020-06-29;null;null;null;null;null;null;null;null;null;
2020-06-30;null;null;null;null;null;null;null;null;null;
2020-07-01;null;null;null;null;null;null;null;null;null;
2020-07-02;null;null;null;null;null;null;null;null;null;
2020-07-03;null;null;null;null;null;null;null;null;null;
2020-07-04;null;null;null;null;null;null;null;null;null;
2020-07-05;null;null;null;null;null;null;null;null;null;
2020-07-06;null;null;null;null;null;null;null;null;null;
2020-07-07;null;null;null;null;null;null;null;null;null;
2020-07-08;null;null;null;null;null;null;null;null;null;
2020-07-09;null;null;null;null;null;null;null;null;null;
2020-07-10;null;null;null;null;null;null;null;null;null;
2020-07-11;null;null;null;null;null;null;null;null;null;
2020-07-12;null;null;null;null;null;null;null;null;null;
2020-07-13;null;null;null;null;null;null;null;null;null;
2020-07-14;null;null;null;null;null;null;null;null;null;
2020-07-15;null;null;null;null;null;null;null;null;null;
2020-07-16;null;null;null;null;null;null;null;null;null;
2020-07-17;null;null;null;null;null;null;null;null;null;
2020-07-18;null;null;null;null;null;null;null;null;null;
2020-07-19;null;null;null;null;null;null;null;null;null;
2020-07-20;null;null;null;null;null;null;null;null;null;
2020-07-21;null;null;null;null;null;null;null;null;null;
2020-07-22;null;null;null;null;null;null;null;null;null;
2020-07-23;null;null;null;null;null;null;null;null;null;
2020-07-24;null;null;null;null;null;null;null;null;null;
2020-07-25;null;null;null;null;null;null;null;null;null;
2020-07-26;null;null;null;null;null;null;null;null;null;
2020-07-27;null;null;null;null;null;null;null;null;null;
2020-07-28;null;null;null;null;null;null;null;null;null;
2020-07-29;null;null;null;null;null;null;null;null;null;
2020-07-30;null;null;null;null;null;null;null;null;null;
2020-07-31;null;null;null;null;null;null;null;null;null;
2020-08-01;null;null;null;null;null;null;null;null;null;
2020-08-02;null;null;null;null;null;null;null;null;null;
2020-08-03;null;null;null;null;null;null;null;null;null;
2020-08-04;null;null;null;null;null;null;null;null;null;
2020-08-05;null;null;null;null;null;null;null;null;null;
2020-08-06;null;null;null;null;null;null;null;null;null;
2020-08-07;null;null;null;null;null;null;null;null;null;
2020-08-08;null;null;null;null;null;null;null;null;null;
2020-08-09;null;null;null;null;null;null;null;null;null;
2020-08-10;null;null;null;null;null;null;null;null;null;
2020-08-11;null;null;null;null;null;null;null;null;null;
2020-08-12;null;null;null;null;null;null;null;null;null;
2020-08-13;null;null;null;null;null;null;null;null;null;
2020-08-14;null;null;null;null;null;null;null;null;null;
2020-08-15;null;null;null;null;null;null;null;null;null;
2020-08-16;null;null;null;null;null;null;null;null;null;
2020-08-17;null;null;null;null;null;null;null;null;null;
2020-08-18;null;null;null;null;null;null;null;null;null;
2020-08-19;null;null;null;null;null;null;null;null;null;
2020-08-20;null;null;null;null;null;null;null;null;null;
2020-08-21;null;null;null;null;null;null;null;null;null;
2020-08-22;null;null;null;null;null;null;null;null;null;
2020-08-23;null;null;null;null;null;null;null;null;null;
2020-08-24;null;null;null;null;null;null;null;null;null;
2020-08-25;null;null;null;null;null;null;null;null;null;
2020-08-26;null;null;null;null;null;null;null;null;null;
2020-08-27;null;null;null;null;null;null;null;null;null;
2020-08-28;null;null;null;null;null;null;null;null;null;
2020-08-29;null;null;null;null;null;null;null;null;null;
2020-08-30;null;null;null;null;null;null;null;null;null;
2020-08-31;null;null;null;null;null;null;null;null;null;
2020-09-01;null;null;null;null;null;null;null;null;null;
2020-09-02;null;null;null;null;null;null;null;null;null;
2020-09-03;null;null;null;null;null;null;null;null;null;
2020-09-04;null;null;null;null;null;null;null;null;null;
2020-09-05;null;null;null;null;null;null;null;null;null;
2020-09-06;null;null;null;null;null;null;null;null;null;
2020-09-07;null;null;null;null;null;null;null;null;null;
2020-09-08;null;null;null;null;null;null;null;null;null;
2020-09-09;null;null;null;null;null;null;null;null;null;
2020-09-10;null;null;null;null;null;null;null;null;null;
2020-09-11;null;null;null;null;null;null;null;null;null;
2020-09-12;null;null;null;null;null;null;null;null;null;
2020-09-13;null;null;null;null;null;null;null;null;null;
2020-09-14;null;null;null;null;null;null;null;null;null;
2020-09-15;null;null;null;null;null;null;null;null;null;
2020-09-16;null;null;null;null;null;null;null;null;null;
2020-09-17;null;null;null;null;null;null;null;null;null;
2020-09-18;null;null;null;null;null;null;null;null;null;
2020-09-19;null;null;null;null;null;null;null;null;null;
2020-09-20;null;null;null;null;null;null;null;null;null;
2020-09-21;null;null;null;null;null;null;null;null;null;
2020-09-22;null;null;null;null;null;null;null;null;null;
2020-09-23;null;null;null;null;null;null;null;null;null;
2020-09-24;null;null;null;null;null;null;null;null;null;
2020-09-25;null;null;null;null;null;null;null;null;null;
2020-09-26;null;null;null;null;null;null;null;null;null;
2020-09-27;null;null;null;null;null;null;null;null;null;
2020-09-28;null;null;null;null;null;null;null;null;null;
2020-09-29;null;null;null;null;null;null;null;null;null;
2020-09-30;null;null;null;null;null;null;null;null;null;
2020-10-01;null;null;null;null;null;null;null;null;null;
2020-10-02;null;null;null;null;null;null;null;null;null;
2020-10-03;null;null;null;null;null;null;null;null;null;
2020-10-04;null;null;null;null;null;null;null;null;null;
2020-10-05;null;null;null;null;null;null;null;null;null;
2020-10-06;null;null;null;null;null;null;null;null;null;
2020-10-07;null;null;null;null;null;null;null;null;null;
2020-10-08;null;null;null;null;null;null;null;null;null;
2020-10-09;null;null;null;null;null;null;null;null;null;
2020-10-10;null;null;null;null;null;null;null;null;null;
2020-10-11;null;null;null;null;null;null;null;null;null;
2020-10-12;null;null;null;null;null;null;null;null;null;
2020-10-13;null;null;null;null;null;null;null;null;null;
2020-10-14;null;null;null;null;null;null;null;null;null;
2020-10-15;null;null;null;null;null;null;null;null;null;
2020-10-16;null;null;null;null;null;null;null;null;null;
2020-10-17;null;null;null;null;null;null;null;null;null;
2020-10-18;null;null;null;null;null;null;null;null;null;
2020-10-19;null;null;null;null;null;null;null;null;null;
2020-10-20;null;null;null;null;null;null;null;null;null;
2020-10-21;null;null;null;null;null;null;null;null;null;
2020-10-22;null;null;null;null;null;null;null;null;null;
2020-10-23;null;null;null;null;null;null;null;null;null;
2020-10-24;null;null;null;null;null;null;null;null;null;
2020-10-25;null;null;null;null;null;null;null;null;null;
2020-10-26;null;null;null;null;null;null;null;null;null;
2020-10-27;null;null;null;null;null;null;null;null;null;
2020-10-28;null;null;null;null;null;null;null;null;null;
2020-10-29;null;null;null;null;null;null;null;null;null;
2020-10-30;null;null;null;null;null;null;null;null;null;
2020-10-31;null;null;null;null;null;null;null;null;null;
2020-11-01;null;null;null;null;null;null;null;null;null;
2020-11-02;null;null;null;null;null;null;null;null;null;
2020-11-03;null;null;null;null;null;null;null;null;null;
2020-11-04;null;null;null;null;null;null;null;null;null;
2020-11-05;null;null;null;null;null;null;null;null;null;
2020-11-06;null;null;null;null;null;null;null;null;null;
2020-11-07;null;null;null;null;null;null;null;null;null;
2020-11-08;null;null;null;null;null;null;null;null;null;
2020-11-09;null;null;null;null;null;null;null;null;null;
2020-11-10;null;null;null;null;null;null;null;null;null;
2020-11-11;null;null;null;null;null;null;null;null;null;
2020-11-12;null;null;null;null;null;null;null;null;null;
2020-11-13;null;null;null;null;null;null;null;null;null;
2020-11-14;null;null;null;null;null;null;null;null;null;
2020-11-15;null;null;null;null;null;null;null;null;null;
2020-11-16;null;null;null;null;null;null;null;null;null;
2020-11-17;null;null;null;null;null;null;null;null;null;
2020-11-18;null;null;null;null;null;null;null;null;null;
2020-11-19;null;null;null;null;null;null;null;null;null;
2020-11-20;null;null;null;null;null;null;null;null;null;
2020-11-21;null;null;null;null;null;null;null;null;null;
2020-11-22;null;null;null;null;null;null;null;null;null;
2020-11-23;null;null;null;null;null;null;null;null;null;
2020-11-24;null;null;null;null;null;null;null;null;null;
2020-11-25;null;null;null;null;null;null;null;null;null;
2020-11-26;null;null;null;null;null;null;null;null;null;
2020-11-27;null;null;null;null;null;null;null;null;null;
2020-11-28;null;null;null;null;null;null;null;null;null;
2020-11-29;null;null;null;null;null;null;null;null;null;
2020-11-30;null;null;null;null;null;null;null;null;null;
2020-12-01;null;null;null;null;null;null;null;null;null;
2020-12-02;null;null;null;null;null;null;null;null;null;
2020-12-03;null;null;null;null;null;null;null;null;null;
2020-12-04;null;null;null;null;null;null;null;null;null;
2020-12-05;null;null;null;null;null;null;null;null;null;
2020-12-06;null;null;null;null;null;null;null;null;null;
2020-12-07;null;null;null;null;null;null;null;null;null;
2020-12-08;null;null;null;null;null;null;null;null;null;
2020-12-09;null;null;null;null;null;null;null;null;null;
2020-12-10;null;null;null;null;null;null;null;null;null;
2020-12-11;null;null;null;null;null;null;null;null;null;
2020-12-12;null;null;null;null;null;null;null;null;null;
2020-12-13;null;null;null;null;null;null;null;null;null;
2020-12-14;null;null;null;null;null;null;null;null;null;
2020-12-15;null;null;null;null;null;null;null;null;null;
2020-12-16;null;null;null;null;null;null;null;null;null;
2020-12-17;null;null;null;null;null;null;null;null;null;
2020-12-18;null;null;null;null;null;null;null;null;null;
2020-12-19;null;null;null;null;null;null;null;null;null;
2020-12-20;null;null;null;null;null;null;null;null;null;
2020-12-21;null;null;null;null;null;null;null;null;null;
2020-12-22;null;null;null;null;null;null;null;null;null;
2020-12-23;null;null;null;null;null;null;null;null;null;
2020-12-24;null;null;null;null;null;null;null;null;null;
2020-12-25;null;null;null;null;null;null;null;null;null;
2020-12-26;null;null;null;null;null;null;null;null;null;
2020-12-27;null;null;null;null;null;null;null;null;null;
2020-12-28;null;null;null;null;null;null;null;null;null;
2020-12-29;null;null;null;null;null;null;null;null;null;
2020-12-30;null;null;null;null;null;null;null;null;null;
2020-12-31;null;null;null;null;null;null;null;null;null;
2021-01-01;null;null;null;null;null;null;null;null;null;
2021-01-02;null;null;null;null;null;null;null;null;null;
2021-01-03;null;null;null;null;null;null;null;null;null;
2021-01-04;null;null;null;null;null;null;null;null;null;
2021-01-05;null;null;null;null;null;null;null;null;null;
2021-01-06;null;null;null;null;null;null;null;null;null;
2021-01-07;null;null;null;null;null;null;null;null;null;
2021-01-08;null;null;null;null;null;null;null;null;null;
2021-01-09;null;null;null;null;null;null;null;null;null;
2021-01-10;null;null;null;null;null;null;null;null;null;
2021-01-11;null;null;null;null;null;null;null;null;null;
2021-01-12;null;null;null;null;null;null;null;null;null;
2021-01-13;null;null;null;null;null;null;null;null;null;
2021-01-14;null;null;null;null;null;null;null;null;null;
2021-01-15;null;null;null;null;null;null;null;null;null;
2021-01-16;null;null;null;null;null;null;null;null;null;
2021-01-17;null;null;null;null;null;null;null;null;null;
2021-01-18;null;null;null;null;null;null;null;null;null;
2021-01-19;null;null;null;null;null;null;null;null;null;
2021-01-20;null;null;null;null;null;null;null;null;null;
2021-01-21;null;null;null;null;null;null;null;null;null;
2021-01-22;null;null;null;null;null;null;null;null;null;
2021-01-23;null;null;null;null;null;null;null;null;null;
2021-01-24;null;null;null;null;null;null;null;null;null;
2021-01-25;null;null;null;null;null;null;null;null;null;
2021-01-26;null;null;null;null;null;null;null;null;null;
2021-01-27;null;null;null;null;null;null;null;null;null;
2021-01-28;null;null;null;null;null;null;null;null;null;
2021-01-29;null;null;null;null;null;null;null;null;null;
2021-01-30;null;null;null;null;null;null;null;null;null;
2021-01-31;null;null;null;null;null;null;null;null;null;
2021-02-01;null;null;null;null;null;null;null;null;null;
2021-02-02;null;null;null;null;null;null;null;null;null;
2021-02-03;null;null;null;null;null;null;null;null;null;
2021-02-04;null;null;null;null;null;null;null;null;null;
2021-02-05;null;null;null;null;null;null;null;null;null;
2021-02-06;null;null;null;null;null;null;null;null;null;
2021-02-07;null;null;null;null;null;null;null;null;null;
2021-02-08;null;null;null;null;null;null;null;null;null;
2021-02-09;null;null;null;null;null;null;null;null;null;
2021-02-10;null;null;null;null;null;null;null;null;null;
2021-02-11;null;null;null;null;null;null;null;null;null;
2021-02-12;null;null;null;null;null;null;null;null;null;
2021-02-13;null;null;null;null;null;null;null;null;null;
2021-02-14;null;null;null;null;null;null;null;null;null;
2021-02-15;null;null;null;null;null;null;null;null;null;
2021-02-16;null;null;null;null;null;null;null;null;null;
2021-02-17;null;null;null;null;null;null;null;null;null;
2021-02-18;null;null;null;null;null;null;null;null;null;
2021-02-19;null;null;null;null;null;null;null;null;null;
2021-02-20;null;null;null;null;null;null;null;null;null;
2021-02-21;null;null;null;null;null;null;null;null;null;
2021-02-22;null;null;null;null;null;null;null;null;null;
2021-02-23;null;null;null;null;null;null;null;null;null;
2021-02-24;null;null;null;null;null;null;null;null;null;
2021-02-25;null;null;null;null;null;null;null;null;null;
2021-02-26;null;null;null;null;null;null;null;null;null;
2021-02-27;null;null;null;null;null;null;null;null;null;
2021-02-28;null;null;null;null;null;null;null;null;null;
2021-03-01;null;null;null;null;null;null;null;null;null;
2021-03-02;null;null;null;null;null;null;null;null;null;
2021-03-03;null;null;null;null;null;null;null;null;null;
2021-03-04;null;null;null;null;null;null;null;null;null;
2021-03-05;null;null;null;null;null;null;null;null;null;
2021-03-06;null;null;null;null;null;null;null;null;null;
2021-03-07;null;null;null;null;null;null;null;null;null;
2021-03-08;null;null;null;null;null;null;null;null;null;
2021-03-09;null;null;null;null;null;null;null;null;null;
2021-03-10;null;null;null;null;null;null;null;null;null;
2021-03-11;null;null;null;null;null;null;null;null;null;
2021-03-12;null;null;null;null;null;null;null;null;null;
2021-03-13;null;null;null;null;null;null;null;null;null;
2021-03-14;null;null;null;null;null;null;null;null;null;
2021-03-15;null;null;null;null;null;null;null;null;null;
2021-03-16;null;null;null;null;null;null;null;null;null;
2021-03-17;null;null;null;null;null;null;null;null;null;
2021-03-18;null;null;null;null;null;null;null;null;null;
2021-03-19;null;null;null;null;null;null;null;null;null;
2021-03-20;null;null;null;null;null;null;null;null;null;
2021-03-21;null;null;null;null;null;null;null;null;null;
2021-03-22;null;null;null;null;null;null;null;null;null;
2021-03-23;null;null;null;null;null;null;null;null;null;
2021-03-24;null;null;null;null;null;null;null;null;null;
2021-03-25;null;null;null;null;null;null;null;null;null;
2021-03-26;null;null;null;null;null;null;null;null;null;
2021-03-27;null;null;null;null;null;null;null;null;null;
2021-03-28;null;null;null;null;null;null;null;null;null;
2021-03-29;null;null;null;null;null;null;null;null;null;
2021-03-30;null;null;null;null;null;null;null;null;null;
2021-03-31;null;null;null;null;null;null;null;null;null;
2021-04-01;null;null;null;null;null;null;null;null;null;
2021-04-02;null;null;null;null;null;null;null;null;null;
2021-04-03;null;null;null;null;null;null;null;null;null;
2021-04-04;null;null;null;null;null;null;null;null;null;
2021-04-05;null;null;null;null;null;null;null;null;null;
2021-04-06;null;null;null;null;null;null;null;null;null;
2021-04-07;null;null;null;null;null;null;null;null;null;
2021-04-08;null;null;null;null;null;null;null;null;null;
2021-04-09;null;null;null;null;null;null;null;null;null;
2021-04-10;null;null;null;null;null;null;null;null;null;
2021-04-11;null;null;null;null;null;null;null;null;null;
2021-04-12;null;null;null;null;null;null;null;null;null;
2021-04-13;null;null;null;null;null;null;null;null;null;
2021-04-14;null;null;null;null;null;null;null;null;null;
2021-04-15;null;null;null;null;null;null;null;null;null;
2021-04-16;null;null;null;null;null;null;null;null;null;
2021-04-17;null;null;null;null;null;null;null;null;null;
2021-04-18;null;null;null;null;null;null;null;null;null;
2021-04-19;null;null;null;null;null;null;null;null;null;
2021-04-20;null;null;null;null;null;null;null;null;null;
2021-04-21;null;null;null;null;null;null;null;null;null;
2021-04-22;null;null;null;null;null;null;null;null;null;
2021-04-23;null;null;null;null;null;null;null;null;null;
2021-04-24;null;null;null;null;null;null;null;null;null;
2021-04-25;null;null;null;null;null;null;null;null;null;
2021-04-26;null;null;null;null;null;null;null;null;null;
2021-04-27;null;null;null;null;null;null;null;null;null;
2021-04-28;null;null;null;null;null;null;null;null;null;
2021-04-29;null;null;null;null;null;null;null;null;null;
2021-04-30;null;null;null;null;null;null;null;null;null;
2021-05-01;null;null;null;null;null;null;null;null;null;
2021-05-02;null;null;null;null;null;null;null;null;null;
2021-05-03;null;null;null;null;null;null;null;null;null;
2021-05-04;null;null;null;null;null;null;null;null;null;
2021-05-05;null;null;null;null;null;null;null;null;null;
2021-05-06;null;null;null;null;null;null;null;null;null;
2021-05-07;null;null;null;null;null;null;null;null;null;
2021-05-08;null;null;null;null;null;null;null;null;null;
2021-05-09;null;null;null;null;null;null;null;null;null;
2021-05-10;null;null;null;null;null;null;null;null;null;
2021-05-11;null;null;null;null;null;null;null;null;null;
2021-05-12;null;null;null;null;null;null;null;null;null;
2021-05-13;null;null;null;null;null;null;null;null;null;
2021-05-14;null;null;null;null;null;null;null;null;null;
2021-05-15;null;null;null;null;null;null;null;null;null;
2021-05-16;null;null;null;null;null;null;null;null;null;
2021-05-17;null;null;null;null;null;null;null;null;null;
2021-05-18;null;null;null;null;null;null;null;null;null;
2021-05-19;null;null;null;null;null;null;null;null;null;
2021-05-20;null;null;null;null;null;null;null;null;null;
2021-05-21;null;null;null;null;null;null;null;null;null;
2021-05-22;null;null;null;null;null;null;null;null;null;
2021-05-23;null;null;null;null;null;null;null;null;null;
2021-05-24;null;null;null;null;null;null;null;null;null;
2021-05-25;null;null;null;null;null;null;null;null;null;
2021-05-26;null;null;null;null;null;null;null;null;null;
2021-05-27;null;null;null;null;null;null;null;null;null;
2021-05-28;null;null;null;null;null;null;null;null;null;
2021-05-29;null;null;null;null;null;null;null;null;null;
2021-05-30;null;null;null;null;null;null;null;null;null;
2021-05-31;null;null;null;null;null;null;null;null;null;
2021-06-01;null;null;null;null;null;null;null;null;null;
2021-06-02;null;null;null;null;null;null;null;null;null;
2021-06-03;null;null;null;null;null;null;null;null;null;
2021-06-04;null;null;null;null;null;null;null;null;null;
2021-06-05;null;null;null;null;null;null;null;null;null;
2021-06-06;null;null;null;null;null;null;null;null;null;
2021-06-07;null;null;null;null;null;null;null;null;null;
2021-06-08;null;null;null;null;null;null;null;null;null;
2021-06-09;null;null;null;null;null;null;null;null;null;
2021-06-10;null;null;null;null;null;null;null;null;null;
2021-06-11;null;null;null;null;null;null;null;null;null;
2021-06-12;null;null;null;null;null;null;null;null;null;
2021-06-13;null;null;null;null;null;null;null;null;null;
2021-06-14;null;null;null;null;null;null;null;null;null;
2021-06-15;null;null;null;null;null;null;null;null;null;
2021-06-16;null;null;null;null;null;null;null;null;null;
2021-06-17;null;null;null;null;null;null;null;null;null;
2021-06-18;null;null;null;null;null;null;null;null;null;
2021-06-19;null;null;null;null;null;null;null;null;null;
2021-06-20;null;null;null;null;null;null;null;null;null;
2021-06-21;null;null;null;null;null;null;null;null;null;
2021-06-22;null;null;null;null;null;null;null;null;null;
2021-06-23;null;null;null;null;null;null;null;null;null;
2021-06-24;null;null;null;null;null;null;null;null;null;
2021-06-25;null;null;null;null;null;null;null;null;null;
2021-06-26;null;null;null;null;null;null;null;null;null;
2021-06-27;null;null;null;null;null;null;null;null;null;
2021-06-28;null;null;null;null;null;null;null;null;null;
2021-06-29;null;null;null;null;null;null;null;null;null;
2021-06-30;null;null;null;null;null;null;null;null;null;
2021-07-01;null;null;null;null;null;null;null;null;null;
2021-07-02;null;null;null;null;null;null;null;null;null;
2021-07-03;null;null;null;null;null;null;null;null;null;
2021-07-04;null;null;null;null;null;null;null;null;null;
2021-07-05;null;null;null;null;null;null;null;null;null;
2021-07-06;null;null;null;null;null;null;null;null;null;
2021-07-07;null;null;null;null;null;null;null;null;null;
2021-07-08;null;null;null;null;null;null;null;null;null;
2021-07-09;null;null;null;null;null;null;null;null;null;
2021-07-10;null;null;null;null;null;null;null;null;null;
2021-07-11;null;null;null;null;null;null;null;null;null;
2021-07-12;null;null;null;null;null;null;null;null;null;
2021-07-13;null;null;null;null;null;null;null;null;null;
2021-07-14;null;null;null;null;null;null;null;null;null;
2021-07-15;null;null;null;null;null;null;null;null;null;
2021-07-16;null;null;null;null;null;null;null;null;null;
2021-07-17;null;null;null;null;null;null;null;null;null;
2021-07-18;null;null;null;null;null;null;null;null;null;
2021-07-19;null;null;null;null;null;null;null;null;null;
2021-07-20;null;null;null;null;null;null;null;null;null;
2021-07-21;null;null;null;null;null;null;null;null;null;
2021-07-22;null;null;null;null;null;null;null;null;null;
2021-07-23;null;null;null;null;null;null;null;null;null;
2021-07-24;null;null;null;null;null;null;null;null;null;
2021-07-25;null;null;null;null;null;null;null;null;null;
2021-07-26;null;null;null;null;null;null;null;null;null;
2021-07-27;null;null;null;null;null;null;null;null;null;
2021-07-28;null;null;null;null;null;null;null;null;null;
2021-07-29;null;null;null;null;null;null;null;null;null;
2021-07-30;null;null;null;null;null;null;null;null;null;
2021-07-31;null;null;null;null;null;null;null;null;null;
2021-08-01;null;null;null;null;null;null;null;null;null;
2021-08-02;null;null;null;null;null;null;null;null;null;
2021-08-03;null;null;null;null;null;null;null;null;null;
2021-08-04;null;null;null;null;null;null;null;null;null;
2021-08-05;null;null;null;null;null;null;null;null;null;
2021-08-06;null;null;null;null;null;null;null;null;null;
2021-08-07;null;null;null;null;null;null;null;null;null;
2021-08-08;null;null;null;null;null;null;null;null;null;
2021-08-09;null;null;null;null;null;null;null;null;null;
2021-08-10;null;null;null;null;null;null;null;null;null;
2021-08-11;null;null;null;null;null;null;null;null;null;
2021-08-12;null;null;null;null;null;null;null;null;null;
2021-08-13;null;null;null;null;null;null;null;null;null;
2021-08-14;null;null;null;null;null;null;null;null;null;
2021-08-15;null;null;null;null;null;null;null;null;null;
2021-08-16;null;null;null;null;null;null;null;null;null;
2021-08-17;null;null;null;null;null;null;null;null;null;
2021-08-18;null;null;null;null;null;null;null;null;null;
2021-08-19;null;null;null;null;null;null;null;null;null;
2021-08-20;null;null;null;null;null;null;null;null;null;
2021-08-21;null;null;null;null;null;null;null;null;null;
2021-08-22;null;null;null;null;null;null;null;null;null;
2021-08-23;null;null;null;null;null;null;null;null;null;
2021-08-24;null;null;null;null;null;null;null;null;null;
2021-08-25;null;null;null;null;null;null;null;null;null;
2021-08-26;null;null;null;null;null;null;null;null;null;
2021-08-27;null;null;null;null;null;null;null;null;null;
2021-08-28;null;null;null;null;null;null;null;null;null;
2021-08-29;null;null;null;null;null;null;null;null;null;
2021-08-30;null;null;null;null;null;null;null;null;null;
2021-08-31;null;null;null;null;null;null;null;null;null;
2021-09-01;null;null;null;null;null;null;null;null;null;
2021-09-02;null;null;null;null;null;null;null;null;null;
2021-09-03;null;null;null;null;null;null;null;null;null;
2021-09-04;null;null;null;null;null;null;null;null;null;
2021-09-05;null;null;null;null;null;null;null;null;null;
2021-09-06;null;null;null;null;null;null;null;null;null;
2021-09-07;null;null;null;null;null;null;null;null;null;
2021-09-08;null;null;null;null;null;null;null;null;null;
2021-09-09;null;null;null;null;null;null;null;null;null;
2021-09-10;null;null;null;null;null;null;null;null;null;
2021-09-11;null;null;null;null;null;null;null;null;null;
2021-09-12;null;null;null;null;null;null;null;null;null;
2021-09-13;null;null;null;null;null;null;null;null;null;
2021-09-14;null;null;null;null;null;null;null;null;null;
2021-09-15;null;null;null;null;null;null;null;null;null;
2021-09-16;null;null;null;null;null;null;null;null;null;
2021-09-17;null;null;null;null;null;null;null;null;null;
2021-09-18;null;null;null;null;null;null;null;null;null;
2021-09-19;null;null;null;null;null;null;null;null;null;
2021-09-20;null;null;null;null;null;null;null;null;null;
2021-09-21;null;null;null;null;null;null;null;null;null;
2021-09-22;null;null;null;null;null;null;null;null;null;
2021-09-23;null;null;null;null;null;null;null;null;null;
2021-09-24;null;null;null;null;null;null;null;null;null;
2021-09-25;null;null;null;null;null;null;null;null;null;
2021-09-26;null;null;null;null;null;null;null;null;null;
2021-09-27;null;null;null;null;null;null;null;null;null;
2021-09-28;null;null;null;null;null;null;null;null;null;
2021-09-29;null;null;null;null;null;null;null;null;null;
2021-09-30;null;null;null;null;null;null;null;null;null;
2021-10-01;null;null;null;null;null;null;null;null;null;
2021-10-02;null;null;null;null;null;null;null;null;null;
2021-10-03;null;null;null;null;null;null;null;null;null;
2021-10-04;null;null;null;null;null;null;null;null;null;
2021-10-05;null;null;null;null;null;null;null;null;null;
2021-10-06;null;null;null;null;null;null;null;null;null;
2021-10-07;null;null;null;null;null;null;null;null;null;
2021-10-08;null;null;null;null;null;null;null;null;null;
2021-10-09;null;null;null;null;null;null;null;null;null;
2021-10-10;null;null;null;null;null;null;null;null;null;
2021-10-11;null;null;null;null;null;null;null;null;null;
2021-10-12;null;null;null;null;null;null;null;null;null;
2021-10-13;null;null;null;null;null;null;null;null;null;
2021-10-14;null;null;null;null;null;null;null;null;null;
2021-10-15;null;null;null;null;null;null;null;null;null;
2021-10-16;null;null;null;null;null;null;null;null;null;
2021-10-17;null;null;null;null;null;null;null;null;null;
2021-10-18;null;null;null;null;null;null;null;null;null;
2021-10-19;null;null;null;null;null;null;null;null;null;
2021-10-20;null;null;null;null;null;null;null;null;null;
2021-10-21;null;null;null;null;null;null;null;null;null;
2021-10-22;null;null;null;null;null;null;null;null;null;
2021-10-23;null;null;null;null;null;null;null;null;null;
2021-10-24;null;null;null;null;null;null;null;null;null;
2021-10-25;null;null;null;null;null;null;null;null;null;
2021-10-26;null;null;null;null;null;null;null;null;null;
2021-10-27;null;null;null;null;null;null;null;null;null;
2021-10-28;null;null;null;null;null;null;null;null;null;
2021-10-29;null;null;null;null;null;null;null;null;null;
2021-10-30;null;null;null;null;null;null;null;null;null;
2021-10-31;null;null;null;null;null;null;null;null;null;
2021-11-01;null;null;null;null;null;null;null;null;null;
2021-11-02;null;null;null;null;null;null;null;null;null;
2021-11-03;null;null;null;null;null;null;null;null;null;
2021-11-04;null;null;null;null;null;null;null;null;null;
2021-11-05;null;null;null;null;null;null;null;null;null;
2021-11-06;null;null;null;null;null;null;null;null;null;
2021-11-07;null;null;null;null;null;null;null;null;null;
2021-11-08;null;null;null;null;null;null;null;null;null;
2021-11-09;null;null;null;null;null;null;null;null;null;
2021-11-10;null;null;null;null;null;null;null;null;null;
2021-11-11;null;null;null;null;null;null;null;null;null;
2021-11-12;null;null;null;null;null;null;null;null;null;
2021-11-13;null;null;null;null;null;null;null;null;null;
2021-11-14;null;null;null;null;null;null;null;null;null;
2021-11-15;null;null;null;null;null;null;null;null;null;
2021-11-16;null;null;null;null;null;null;null;null;null;
2021-11-17;null;null;null;null;null;null;null;null;null;
2021-11-18;null;null;null;null;null;null;null;null;null;
2021-11-19;null;null;null;null;null;null;null;null;null;
2021-11-20;null;null;null;null;null;null;null;null;null;
2021-11-21;null;null;null;null;null;null;null;null;null;
2021-11-22;null;null;null;null;null;null;null;null;null;
2021-11-23;null;null;null;null;null;null;null;null;null;
2021-11-24;null;null;null;null;null;null;null;null;null;
2021-11-25;null;null;null;null;null;null;null;null;null;
2021-11-26;null;null;null;null;null;null;null;null;null;
2021-11-27;null;null;null;null;null;null;null;null;null;
2021-11-28;null;null;null;null;null;null;null;null;null;
2021-11-29;null;null;null;null;null;null;null;null;null;
2021-11-30;null;null;null;null;null;null;null;null;null;
2021-12-01;null;null;null;null;null;null;null;null;null;
2021-12-02;null;null;null;null;null;null;null;null;null;
2021-12-03;null;null;null;null;null;null;null;null;null;
2021-12-04;null;null;null;null;null;null;null;null;null;
2021-12-05;null;null;null;null;null;null;null;null;null;
2021-12-06;null;null;null;null;null;null;null;null;null;
2021-12-07;null;null;null;null;null;null;null;null;null;
2021-12-08;null;null;null;null;null;null;null;null;null;
2021-12-09;null;null;null;null;null;null;null;null;null;
2021-12-10;null;null;null;null;null;null;null;null;null;
2021-12-11;null;null;null;null;null;null;null;null;null;
2021-12-12;null;null;null;null;null;null;null;null;null;
2021-12-13;null;null;null;null;null;null;null;null;null;
2021-12-14;null;null;null;null;null;null;null;null;null;
2021-12-15;null;null;null;null;null;null;null;null;null;
2021-12-16;null;null;null;null;null;null;null;null;null;
2021-12-17;null;null;null;null;null;null;null;null;null;
2021-12-18;null;null;null;null;null;null;null;null;null;
2021-12-19;null;null;null;null;null;null;null;null;null;
2021-12-20;null;null;null;null;null;null;null;null;null;
2021-12-21;null;null;null;null;null;null;null;null;null;
2021-12-22;null;null;null;null;null;null;null;null;null;
2021-12-23;null;null;null;null;null;null;null;null;null;
2021-12-24;null;null;null;null;null;null;null;null;null;
2021-12-25;null;null;null;null;null;null;null;null;null;
2021-12-26;null;null;null;null;null;null;null;null;null;
2021-12-27;null;null;null;null;null;null;null;null;null;
2021-12-28;null;null;null;null;null;null;null;null;null;
2021-12-29;null;null;null;null;null;null;null;null;null;
2021-12-30;null;null;null;null;null;null;null;null;null;
2021-12-31;null;null;null;null;null;null;null;null;null;
2022-01-01;null;null;null;null;null;null;null;null;null;
2022-01-02;null;null;null;null;null;null;null;null;null;
2022-01-03;null;null;null;null;null;null;null;null;null;
2022-01-04;null;null;null;null;null;null;null;null;null;
2022-01-05;null;null;null;null;null;null;null;null;null;
2022-01-06;null;null;null;null;null;null;null;null;null;
2022-01-07;null;null;null;null;null;null;null;null;null;
2022-01-08;null;null;null;null;null;null;null;null;null;
2022-01-09;null;null;null;null;null;null;null;null;null;
2022-01-10;null;null;null;null;null;null;null;null;null;
2022-01-11;null;null;null;null;null;null;null;null;null;
2022-01-12;null;null;null;null;null;null;null;null;null;
2022-01-13;null;null;null;null;null;null;null;null;null;
2022-01-14;null;null;null;null;null;null;null;null;null;
2022-01-15;null;null;null;null;null;null;null;null;null;
2022-01-16;null;null;null;null;null;null;null;null;null;
2022-01-17;null;null;null;null;null;null;null;null;null;
2022-01-18;null;null;null;null;null;null;null;null;null;
2022-01-19;null;null;null;null;null;null;null;null;null;
2022-01-20;null;null;null;null;null;null;null;null;null;
2022-01-21;null;null;null;null;null;null;null;null;null;
2022-01-22;null;null;null;null;null;null;null;null;null;
2022-01-23;null;null;null;null;null;null;null;null;null;
2022-01-24;null;null;null;null;null;null;null;null;null;
2022-01-25;null;null;null;null;null;null;null;null;null;
2022-01-26;null;null;null;null;null;null;null;null;null;
2022-01-27;null;null;null;null;null;null;null;null;null;
2022-01-28;null;null;null;null;null;null;null;null;null;
2022-01-29;null;null;null;null;null;null;null;null;null;
2022-01-30;null;null;null;null;null;null;null;null;null;
2022-01-31;null;null;null;null;null;null;null;null;null;
2022-02-01;null;null;null;null;null;null;null;null;null;
2022-02-02;null;null;null;null;null;null;null;null;null;
2022-02-03;null;null;null;null;null;null;null;null;null;
2022-02-04;null;null;null;null;null;null;null;null;null;
2022-02-05;null;null;null;null;null;null;null;null;null;
2022-02-06;null;null;null;null;null;null;null;null;null;
2022-02-07;null;null;null;null;null;null;null;null;null;
2022-02-08;null;null;null;null;null;null;null;null;null;
2022-02-09;null;null;null;null;null;null;null;null;null;
2022-02-10;null;null;null;null;null;null;null;null;null;
2022-02-11;null;null;null;null;null;null;null;null;null;
2022-02-12;null;null;null;null;null;null;null;null;null;
2022-02-13;null;null;null;null;null;null;null;null;null;
2022-02-14;null;null;null;null;null;null;null;null;null;
2022-02-15;null;null;null;null;null;null;null;null;null;
2022-02-16;null;null;null;null;null;null;null;null;null;
2022-02-17;null;null;null;null;null;null;null;null;null;
2022-02-18;null;null;null;null;null;null;null;null;null;
2022-02-19;null;null;null;null;null;null;null;null;null;
2022-02-20;null;null;null;null;null;null;null;null;null;
2022-02-21;null;null;null;null;null;null;null;null;null;
2022-02-22;null;null;null;null;null;null;null;null;null;
2022-02-23;null;null;null;null;null;null;null;null;null;
2022-02-24;null;null;null;null;null;null;null;null;null;
2022-02-25;null;null;null;null;null;null;null;null;null;
2022-02-26;null;null;null;null;null;null;null;null;null;
2022-02-27;null;null;null;null;null;null;null;null;null;
2022-02-28;null;null;null;null;null;null;null;null;null;
2022-03-01;null;null;null;null;null;null;null;null;null;
2022-03-02;null;null;null;null;null;null;null;null;null;
2022-03-03;null;null;null;null;null;null;null;null;null;
2022-03-04;null;null;null;null;null;null;null;null;null;
2022-03-05;null;null;null;null;null;null;null;null;null;
2022-03-06;null;null;null;null;null;null;null;null;null;
2022-03-07;null;null;null;null;null;null;null;null;null;
2022-03-08;null;null;null;null;null;null;null;null;null;
2022-03-09;null;null;null;null;null;null;null;null;null;
2022-03-10;null;null;null;null;null;null;null;null;null;
2022-03-11;null;null;null;null;null;null;null;null;null;
2022-03-12;null;null;null;null;null;null;null;null;null;
2022-03-13;null;null;null;null;null;null;null;null;null;
2022-03-14;null;null;null;null;null;null;null;null;null;
2022-03-15;null;null;null;null;null;null;null;null;null;
2022-03-16;null;null;null;null;null;null;null;null;null;
2022-03-17;null;null;null;null;null;null;null;null;null;
2022-03-18;null;null;null;null;null;null;null;null;null;
2022-03-19;null;null;null;null;null;null;null;null;null;
2022-03-20;null;null;null;null;null;null;null;null;null;
2022-03-21;null;null;null;null;null;null;null;null;null;
2022-03-22;null;null;null;null;null;null;null;null;null;
2022-03-23;null;null;null;null;null;null;null;null;null;
2022-03-24;null;null;null;null;null;null;null;null;null;
2022-03-25;null;null;null;null;null;null;null;null;null;
2022-03-26;null;null;null;null;null;null;null;null;null;
2022-03-27;null;null;null;null;null;null;null;null;null;
2022-03-28;null;null;null;null;null;null;null;null;null;
2022-03-29;null;null;null;null;null;null;null;null;null;
2022-03-30;null;null;null;null;null;null;null;null;null;
2022-03-31;null;null;null;null;null;null;null;null;null;
2022-04-01;null;null;null;null;null;null;null;null;null;
2022-04-02;null;null;null;null;null;null;null;null;null;
2022-04-03;null;null;null;null;null;null;null;null;null;
2022-04-04;null;null;null;null;null;null;null;null;null;
2022-04-05;null;null;null;null;null;null;null;null;null;
2022-04-06;null;null;null;null;null;null;null;null;null;
2022-04-07;null;null;null;null;null;null;null;null;null;
2022-04-08;null;null;null;null;null;null;null;null;null;
2022-04-09;null;null;null;null;null;null;null;null;null;
2022-04-10;null;null;null;null;null;null;null;null;null;
2022-04-11;null;null;null;null;null;null;null;null;null;
2022-04-12;null;null;null;null;null;null;null;null;null;
2022-04-13;null;null;null;null;null;null;null;null;null;
2022-04-14;null;null;null;null;null;null;null;null;null;
2022-04-15;null;null;null;null;null;null;null;null;null;
2022-04-16;null;null;null;null;null;null;null;null;null;
2022-04-17;null;null;null;null;null;null;null;null;null;
2022-04-18;null;null;null;null;null;null;null;null;null;
2022-04-19;null;null;null;null;null;null;null;null;null;
2022-04-20;null;null;null;null;null;null;null;null;null;
2022-04-21;null;null;null;null;null;null;null;null;null;
2022-04-22;null;null;null;null;null;null;null;null;null;
2022-04-23;null;null;null;null;null;null;null;null;null;
2022-04-24;null;null;null;null;null;null;null;null;null;
2022-04-25;null;null;null;null;null;null;null;null;null;
2022-04-26;null;null;null;null;null;null;null;null;null;
2022-04-27;null;null;null;null;null;null;null;null;null;
2022-04-28;null;null;null;null;null;null;null;null;null;
2022-04-29;null;null;null;null;null;null;null;null;null;
2022-04-30;null;null;null;null;null;null;null;null;null;
2022-05-01;null;null;null;null;null;null;null;null;null;
2022-05-02;null;null;null;null;null;null;null;null;null;
2022-05-03;null;null;null;null;null;null;null;null;null;
2022-05-04;null;null;null;null;null;null;null;null;null;
2022-05-05;null;null;null;null;null;null;null;null;null;
2022-05-06;null;null;null;null;null;null;null;null;null;
2022-05-07;null;null;null;null;null;null;null;null;null;
2022-05-08;null;null;null;null;null;null;null;null;null;
2022-05-09;null;null;null;null;null;null;null;null;null;
2022-05-10;null;null;null;null;null;null;null;null;null;
2022-05-11;null;null;null;null;null;null;null;null;null;
2022-05-12;null;null;null;null;null;null;null;null;null;
2022-05-13;null;null;null;null;null;null;null;null;null;
2022-05-14;null;null;null;null;null;null;null;null;null;
2022-05-15;null;null;null;null;null;null;null;null;null;
2022-05-16;null;null;null;null;null;null;null;null;null;
2022-05-17;null;null;null;null;null;null;null;null;null;
2022-05-18;null;null;null;null;null;null;null;null;null;
2022-05-19;null;null;null;null;null;null;null;null;null;
2022-05-20;null;null;null;null;null;null;null;null;null;
2022-05-21;null;null;null;null;null;null;null;null;null;
2022-05-22;null;null;null;null;null;null;null;null;null;
2022-05-23;null;null;null;null;null;null;null;null;null;
2022-05-24;null;null;null;null;null;null;null;null;null;
2022-05-25;null;null;null;null;null;null;null;null;null;
2022-05-26;null;null;null;null;null;null;null;null;null;
2022-05-27;null;null;null;null;null;null;null;null;null;
2022-05-28;null;null;null;null;null;null;null;null;null;
2022-05-29;null;null;null;null;null;null;null;null;null;
2022-05-30;null;null;null;null;null;null;null;null;null;
2022-05-31;null;null;null;null;null;null;null;null;null;
2022-06-01;null;null;null;null;null;null;null;null;null;
2022-06-02;null;null;null;null;null;null;null;null;null;
2022-06-03;null;null;null;null;null;null;null;null;null;
2022-06-04;null;null;null;null;null;null;null;null;null;
2022-06-05;null;null;null;null;null;null;null;null;null;
2022-06-06;null;null;null;null;null;null;null;null;null;
2022-06-07;null;null;null;null;null;null;null;null;null;
2022-06-08;null;null;null;null;null;null;null;null;null;
2022-06-09;null;null;null;null;null;null;null;null;null;
2022-06-10;null;null;null;null;null;null;null;null;null;
2022-06-11;null;null;null;null;null;null;null;null;null;
2022-06-12;null;null;null;null;null;null;null;null;null;
2022-06-13;null;null;null;null;null;null;null;null;null;
2022-06-14;null;null;null;null;null;null;null;null;null;
2022-06-15;null;null;null;null;null;null;null;null;null;
2022-06-16;null;null;null;null;null;null;null;null;null;
2022-06-17;null;null;null;null;null;null;null;null;null;
2022-06-18;null;null;null;null;null;null;null;null;null;
2022-06-19;null;null;null;null;null;null;null;null;null;
2022-06-20;null;null;null;null;null;null;null;null;null;
2022-06-21;null;null;null;null;null;null;null;null;null;
2022-06-22;null;null;null;null;null;null;null;null;null;
2022-06-23;null;null;null;null;null;null;null;null;null;
2022-06-24;null;null;null;null;null;null;null;null;null;
2022-06-25;null;null;null;null;null;null;null;null;null;
2022-06-26;null;null;null;null;null;null;null;null;null;
2022-06-27;null;null;null;null;null;null;null;null;null;
2022-06-28;null;null;null;null;null;null;null;null;null;
2022-06-29;null;null;null;null;null;null;null;null;null;
2022-06-30;null;null;null;null;null;null;null;null;null;
2022-07-01;null;null;null;null;null;null;null;null;null;
2022-07-02;null;null;null;null;null;null;null;null;null;
2022-07-03;null;null;null;null;null;null;null;null;null;
2022-07-04;null;null;null;null;null;null;null;null;null;
2022-07-05;null;null;null;null;null;null;null;null;null;
2022-07-06;null;null;null;null;null;null;null;null;null;
2022-07-07;null;null;null;null;null;null;null;null;null;
2022-07-08;null;null;null;null;null;null;null;null;null;
2022-07-09;null;null;null;null;null;null;null;null;null;
2022-07-10;null;null;null;null;null;null;null;null;null;
2022-07-11;null;null;null;null;null;null;null;null;null;
2022-07-12;null;null;null;null;null;null;null;null;null;
2022-07-13;null;null;null;null;null;null;null;null;null;
2022-07-14;null;null;null;null;null;null;null;null;null;
2022-07-15;null;null;null;null;null;null;null;null;null;
2022-07-16;null;null;null;null;null;null;null;null;null;
2022-07-17;null;null;null;null;null;null;null;null;null;
2022-07-18;null;null;null;null;null;null;null;null;null;
2022-07-19;null;null;null;null;null;null;null;null;null;
2022-07-20;null;null;null;null;null;null;null;null;null;
2022-07-21;null;null;null;null;null;null;null;null;null;
2022-07-22;null;null;null;null;null;null;null;null;null;
2022-07-23;null;null;null;null;null;null;null;null;null;
2022-07-24;null;null;null;null;null;null;null;null;null;
2022-07-25;null;null;null;null;null;null;null;null;null;
2022-07-26;null;null;null;null;null;null;null;null;null;
2022-07-27;null;null;null;null;null;null;null;null;null;
2022-07-28;null;null;null;null;null;null;null;null;null;
2022-07-29;null;null;null;null;null;null;null;null;null;
2022-07-30;null;null;null;null;null;null;null;null;null;
2022-07-31;null;null;null;null;null;null;null;null;null;
2022-08-01;null;null;null;null;null;null;null;null;null;
2022-08-02;null;null;null;null;null;null;null;null;null;
2022-08-03;null;null;null;null;null;null;null;null;null;
2022-08-04;null;null;null;null;null;null;null;null;null;
2022-08-05;null;null;null;null;null;null;null;null;null;
2022-08-06;null;null;null;null;null;null;null;null;null;
2022-08-07;null;null;null;null;null;null;null;null;null;
2022-08-08;null;null;null;null;null;null;null;null;null;
2022-08-09;null;null;null;null;null;null;null;null;null;
2022-08-10;null;null;null;null;null;null;null;null;null;
2022-08-11;null;null;null;null;null;null;null;null;null;
2022-08-12;null;null;null;null;null;null;null;null;null;
2022-08-13;null;null;null;null;null;null;null;null;null;
2022-08-14;null;null;null;null;null;null;null;null;null;
2022-08-15;null;null;null;null;null;null;null;null;null;
2022-08-16;null;null;null;null;null;null;null;null;null;
2022-08-17;null;null;null;null;null;null;null;null;null;
2022-08-18;null;null;null;null;null;null;null;null;null;
2022-08-19;null;null;null;null;null;null;null;null;null;
2022-08-20;null;null;null;null;null;null;null;null;null;
2022-08-21;null;null;null;null;null;null;null;null;null;
2022-08-22;null;null;null;null;null;null;null;null;null;
2022-08-23;null;null;null;null;null;null;null;null;null;
2022-08-24;null;null;null;null;null;null;null;null;null;
2022-08-25;null;null;null;null;null;null;null;null;null;
2022-08-26;null;null;null;null;null;null;null;null;null;
2022-08-27;null;null;null;null;null;null;null;null;null;
2022-08-28;null;null;null;null;null;null;null;null;null;
2022-08-29;null;null;null;null;null;null;null;null;null;
2022-08-30;null;null;null;null;null;null;null;null;null;
2022-08-31;null;null;null;null;null;null;null;null;null;
2022-09-01;null;null;null;null;null;null;null;null;null;
2022-09-02;null;null;null;null;null;null;null;null;null;
2022-09-03;null;null;null;null;null;null;null;null;null;
2022-09-04;null;null;null;null;null;null;null;null;null;
2022-09-05;null;null;null;null;null;null;null;null;null;
2022-09-06;null;null;null;null;null;null;null;null;null;
2022-09-07;null;null;null;null;null;null;null;null;null;
2022-09-08;null;null;null;null;null;null;null;null;null;
2022-09-09;null;null;null;null;null;null;null;null;null;
2022-09-10;null;null;null;null;null;null;null;null;null;
2022-09-11;null;null;null;null;null;null;null;null;null;
2022-09-12;null;null;null;null;null;null;null;null;null;
2022-09-13;null;null;null;null;null;null;null;null;null;
2022-09-14;null;null;null;null;null;null;null;null;null;
2022-09-15;null;null;null;null;null;null;null;null;null;
2022-09-16;null;null;null;null;null;null;null;null;null;
2022-09-17;null;null;null;null;null;null;null;null;null;
2022-09-18;null;null;null;null;null;null;null;null;null;
2022-09-19;null;null;null;null;null;null;null;null;null;
2022-09-20;null;null;null;null;null;null;null;null;null;
2022-09-21;null;null;null;null;null;null;null;null;null;
2022-09-22;null;null;null;null;null;null;null;null;null;
2022-09-23;null;null;null;null;null;null;null;null;null;
2022-09-24;null;null;null;null;null;null;null;null;null;
2022-09-25;null;null;null;null;null;null;null;null;null;
2022-09-26;null;null;null;null;null;null;null;null;null;
2022-09-27;null;null;null;null;null;null;null;null;null;
2022-09-28;null;null;null;null;null;null;null;null;null;
2022-09-29;null;null;null;null;null;null;null;null;null;
2022-09-30;null;null;null;null;null;null;null;null;null;
2022-10-01;null;null;null;null;null;null;null;null;null;
2022-10-02;null;null;null;null;null;null;null;null;null;
2022-10-03;null;null;null;null;null;null;null;null;null;
2022-10-04;null;null;null;null;null;null;null;null;null;
2022-10-05;null;null;null;null;null;null;null;null;null;
2022-10-06;null;null;null;null;null;null;null;null;null;
2022-10-07;null;null;null;null;null;null;null;null;null;
2022-10-08;null;null;null;null;null;null;null;null;null;
2022-10-09;null;null;null;null;null;null;null;null;null;
2022-10-10;null;null;null;null;null;null;null;null;null;
2022-10-11;null;null;null;null;null;null;null;null;null;
2022-10-12;null;null;null;null;null;null;null;null;null;
2022-10-13;null;null;null;null;null;null;null;null;null;
2022-10-14;null;null;null;null;null;null;null;null;null;
2022-10-15;null;null;null;null;null;null;null;null;null;
2022-10-16;null;null;null;null;null;null;null;null;null;
2022-10-17;null;null;null;null;null;null;null;null;null;
2022-10-18;null;null;null;null;null;null;null;null;null;
2022-10-19;null;null;null;null;null;null;null;null;null;
2022-10-20;null;null;null;null;null;null;null;null;null;
2022-10-21;null;null;null;null;null;null;null;null;null;
2022-10-22;null;null;null;null;null;null;null;null;null;
2022-10-23;null;null;null;null;null;null;null;null;null;
2022-10-24;null;null;null;null;null;null;null;null;null;
2022-10-25;null;null;null;null;null;null;null;null;null;
2022-10-26;null;null;null;null;null;null;null;null;null;
2022-10-27;null;null;null;null;null;null;null;null;null;
2022-10-28;null;null;null;null;null;null;null;null;null;
2022-10-29;null;null;null;null;null;null;null;null;null;
2022-10-30;null;null;null;null;null;null;null;null;null;
2022-10-31;null;null;null;null;null;null;null;null;null;
2022-11-01;null;null;null;null;null;null;null;null;null;
2022-11-02;null;null;null;null;null;null;null;null;null;
2022-11-03;null;null;null;null;null;null;null;null;null;
2022-11-04;null;null;null;null;null;null;null;null;null;
2022-11-05;null;null;null;null;null;null;null;null;null;
2022-11-06;null;null;null;null;null;null;null;null;null;
2022-11-07;null;null;null;null;null;null;null;null;null;
2022-11-08;null;null;null;null;null;null;null;null;null;
2022-11-09;null;null;null;null;null;null;null;null;null;
2022-11-10;null;null;null;null;null;null;null;null;null;
2022-11-11;null;null;null;null;null;null;null;null;null;
2022-11-12;null;null;null;null;null;null;null;null;null;
2022-11-13;null;null;null;null;null;null;null;null;null;
2022-11-14;null;null;null;null;null;null;null;null;null;
2022-11-15;null;null;null;null;null;null;null;null;null;
2022-11-16;null;null;null;null;null;null;null;null;null;
2022-11-17;null;null;null;null;null;null;null;null;null;
2022-11-18;null;null;null;null;null;null;null;null;null;
2022-11-19;null;null;null;null;null;null;null;null;null;
2022-11-20;null;null;null;null;null;null;null;null;null;
2022-11-21;null;null;null;null;null;null;null;null;null;
2022-11-22;null;null;null;null;null;null;null;null;null;
2022-11-23;null;null;null;null;null;null;null;null;null;
2022-11-24;null;null;null;null;null;null;null;null;null;
2022-11-25;null;null;null;null;null;null;null;null;null;
2022-11-26;null;null;null;null;null;null;null;null;null;
2022-11-27;null;null;null;null;null;null;null;null;null;
2022-11-28;null;null;null;null;null;null;null;null;null;
2022-11-29;null;null;null;null;null;null;null;null;null;
2022-11-30;null;null;null;null;null;null;null;null;null;
2022-12-01;null;null;null;null;null;null;null;null;null;
2022-12-02;null;null;null;null;null;null;null;null;null;
2022-12-03;null;null;null;null;null;null;null;null;null;
2022-12-04;null;null;null;null;null;null;null;null;null;
2022-12-05;null;null;null;null;null;null;null;null;null;
2022-12-06;null;null;null;null;null;null;null;null;null;
2022-12-07;null;null;null;null;null;null;null;null;null;
2022-12-08;null;null;null;null;null;null;null;null;null;
2022-12-09;null;null;null;null;null;null;null;null;null;
2022-12-10;null;null;null;null;null;null;null;null;null;
2022-12-11;null;null;null;null;null;null;null;null;null;
2022-12-12;null;null;null;null;null;null;null;null;null;
2022-12-13;null;null;null;null;null;null;null;null;null;
2022-12-14;null;null;null;null;null;null;null;null;null;
2022-12-15;null;null;null;null;null;null;null;null;null;
2022-12-16;null;null;null;null;null;null;null;null;null;
2022-12-17;null;null;null;null;null;null;null;null;null;
2022-12-18;null;null;null;null;null;null;null;null;null;
2022-12-19;null;null;null;null;null;null;null;null;null;
2022-12-20;null;null;null;null;null;null;null;null;null;
2022-12-21;null;null;null;null;null;null;null;null;null;
2022-12-22;null;null;null;null;null;null;null;null;null;
2022-12-23;null;null;null;null;null;null;null;null;null;
2022-12-24;null;null;null;null;null;null;null;null;null;
2022-12-25;null;null;null;null;null;null;null;null;null;
2022-12-26;null;null;null;null;null;null;null;null;null;
2022-12-27;null;null;null;null;null;null;null;null;null;
2022-12-28;null;null;null;null;null;null;null;null;null;
2022-12-29;null;null;null;null;null;null;null;null;null;
2022-12-30;null;null;null;null;null;null;null;null;null;
2022-12-31;null;null;null;null;null;null;null;null;null;
2023-01-01;null;null;null;null;null;null;null;null;null;
2023-01-02;null;null;null;null;null;null;null;null;null;
2023-01-03;null;null;null;null;null;null;null;null;null;
2023-01-04;null;null;null;null;null;null;null;null;null;
2023-01-05;null;null;null;null;null;null;null;null;null;
2023-01-06;null;null;null;null;null;null;null;null;null;
2023-01-07;null;null;null;null;null;null;null;null;null;
2023-01-08;null;null;null;null;null;null;null;null;null;
2023-01-09;null;null;null;null;null;null;null;null;null;
2023-01-10;null;null;null;null;null;null;null;null;null;
2023-01-11;null;null;null;null;null;null;null;null;null;
2023-01-12;null;null;null;null;null;null;null;null;null;
2023-01-13;null;null;null;null;null;null;null;null;null;
2023-01-14;null;null;null;null;null;null;null;null;null;
2023-01-15;null;null;null;null;null;null;null;null;null;
2023-01-16;null;null;null;null;null;null;null;null;null;
2023-01-17;null;null;null;null;null;null;null;null;null;
2023-01-18;null;null;null;null;null;null;null;null;null;
2023-01-19;null;null;null;null;null;null;null;null;null;
2023-01-20;null;null;null;null;null;null;null;null;null;
2023-01-21;null;null;null;null;null;null;null;null;null;
2023-01-22;null;null;null;null;null;null;null;null;null;
2023-01-23;null;null;null;null;null;null;null;null;null;
2023-01-24;null;null;null;null;null;null;null;null;null;
2023-01-25;null;null;null;null;null;null;null;null;null;
2023-01-26;null;null;null;null;null;null;null;null;null;
2023-01-27;null;null;null;null;null;null;null;null;null;
2023-01-28;null;null;null;null;null;null;null;null;null;
2023-01-29;null;null;null;null;null;null;null;null;null;
2023-01-30;null;null;null;null;null;null;null;null;null;
2023-01-31;null;null;null;null;null;null;null;null;null;
2023-02-01;null;null;null;null;null;null;null;null;null;
2023-02-02;null;null;null;null;null;null;null;null;null;
2023-02-03;null;null;null;null;null;null;null;null;null;
2023-02-04;null;null;null;null;null;null;null;null;null;
2023-02-05;null;null;null;null;null;null;null;null;null;
2023-02-06;null;null;null;null;null;null;null;null;null;
2023-02-07;null;null;null;null;null;null;null;null;null;
2023-02-08;null;null;null;null;null;null;null;null;null;
2023-02-09;null;null;null;null;null;null;null;null;null;
2023-02-10;null;null;null;null;null;null;null;null;null;
2023-02-11;null;null;null;null;null;null;null;null;null;
2023-02-12;null;null;null;null;null;null;null;null;null;
2023-02-13;null;null;null;null;null;null;null;null;null;
2023-02-14;null;null;null;null;null;null;null;null;null;
2023-02-15;null;null;null;null;null;null;null;null;null;
2023-02-16;null;null;null;null;null;null;null;null;null;
2023-02-17;null;null;null;null;null;null;null;null;null;
2023-02-18;null;null;null;null;null;null;null;null;null;
2023-02-19;null;null;null;null;null;null;null;null;null;
2023-02-20;null;null;null;null;null;null;null;null;null;
2023-02-21;null;null;null;null;null;null;null;null;null;
2023-02-22;null;null;null;null;null;null;null;null;null;
2023-02-23;null;null;null;null;null;null;null;null;null;
2023-02-24;null;null;null;null;null;null;null;null;null;
2023-02-25;null;null;null;null;null;null;null;null;null;
2023-02-26;null;null;null;null;null;null;null;null;null;
2023-02-27;null;null;null;null;null;null;null;null;null;
2023-02-28;null;null;null;null;null;null;null;null;null;
2023-03-01;null;null;null;null;null;null;null;null;null;
2023-03-02;null;null;null;null;null;null;null;null;null;
2023-03-03;null;null;null;null;null;null;null;null;null;
2023-03-04;null;null;null;null;null;null;null;null;null;
2023-03-05;null;null;null;null;null;null;null;null;null;
2023-03-06;null;null;null;null;null;null;null;null;null;
2023-03-07;null;null;null;null;null;null;null;null;null;
2023-03-08;null;null;null;null;null;null;null;null;null;
2023-03-09;null;null;null;null;null;null;null;null;null;
2023-03-10;null;null;null;null;null;null;null;null;null;
2023-03-11;null;null;null;null;null;null;null;null;null;
2023-03-12;null;null;null;null;null;null;null;null;null;
2023-03-13;null;null;null;null;null;null;null;null;null;
2023-03-14;null;null;null;null;null;null;null;null;null;
2023-03-15;null;null;null;null;null;null;null;null;null;
2023-03-16;null;null;null;null;null;null;null;null;null;
2023-03-17;null;null;null;null;null;null;null;null;null;
2023-03-18;null;null;null;null;null;null;null;null;null;
2023-03-19;null;null;null;null;null;null;null;null;null;
2023-03-20;null;null;null;null;null;null;null;null;null;
2023-03-21;null;null;null;null;null;null;null;null;null;
2023-03-22;null;null;null;null;null;null;null;null;null;
2023-03-23;null;null;null;null;null;null;null;null;null;
2023-03-24;null;null;null;null;null;null;null;null;null;
2023-03-25;null;null;null;null;null;null;null;null;null;
2023-03-26;null;null;null;null;null;null;null;null;null;
2023-03-27;null;null;null;null;null;null;null;null;null;
2023-03-28;null;null;null;null;null;null;null;null;null;
2023-03-29;null;null;null;null;null;null;null;null;null;
2023-03-30;null;null;null;null;null;null;null;null;null;
2023-03-31;null;null;null;null;null;null;null;null;null;
2023-04-01;null;null;null;null;null;null;null;null;null;
2023-04-02;null;null;null;null;null;null;null;null;null;
2023-04-03;null;null;null;null;null;null;null;null;null;
2023-04-04;null;null;null;null;null;null;null;null;null;
2023-04-05;null;null;null;null;null;null;null;null;null;
2023-04-06;null;null;null;null;null;null;null;null;null;
2023-04-07;null;null;null;null;null;null;null;null;null;
2023-04-08;null;null;null;null;null;null;null;null;null;
2023-04-09;null;null;null;null;null;null;null;null;null;
2023-04-10;null;null;null;null;null;null;null;null;null;
2023-04-11;null;null;null;null;null;null;null;null;null;
2023-04-12;null;null;null;null;null;null;null;null;null;
2023-04-13;null;null;null;null;null;null;null;null;null;
2023-04-14;null;null;null;null;null;null;null;null;null;
2023-04-15;null;null;null;null;null;null;null;null;null;
2023-04-16;null;null;null;null;null;null;null;null;null;
2023-04-17;null;null;null;null;null;null;null;null;null;
2023-04-18;null;null;null;null;null;null;null;null;null;
2023-04-19;null;null;null;null;null;null;null;null;null;
2023-04-20;null;null;null;null;null;null;null;null;null;
2023-04-21;null;null;null;null;null;null;null;null;null;
2023-04-22;null;null;null;null;null;null;null;null;null;
2023-04-23;null;null;null;null;null;null;null;null;null;
2023-04-24;null;null;null;null;null;null;null;null;null;
2023-04-25;null;null;null;null;null;null;null;null;null;
2023-04-26;null;null;null;null;null;null;null;null;null;
2023-04-27;null;null;null;null;null;null;null;null;null;
2023-04-28;null;null;null;null;null;null;null;null;null;
2023-04-29;null;null;null;null;null;null;null;null;null;
2023-04-30;null;null;null;null;null;null;null;null;null;
2023-05-01;null;null;null;null;null;null;null;null;null;
2023-05-02;null;null;null;null;null;null;null;null;null;
2023-05-03;null;null;null;null;null;null;null;null;null;
2023-05-04;null;null;null;null;null;null;null;null;null;
2023-05-05;null;null;null;null;null;null;null;null;null;
2023-05-06;null;null;null;null;null;null;null;null;null;
2023-05-07;null;null;null;null;null;null;null;null;null;
2023-05-08;null;null;null;null;null;null;null;null;null;
2023-05-09;null;null;null;null;null;null;null;null;null;
2023-05-10;null;null;null;null;null;null;null;null;null;
2023-05-11;null;null;null;null;null;null;null;null;null;
2023-05-12;null;null;null;null;null;null;null;null;null;
2023-05-13;null;null;null;null;null;null;null;null;null;
2023-05-14;null;null;null;null;null;null;null;null;null;
2023-05-15;null;null;null;null;null;null;null;null;null;
2023-05-16;null;null;null;null;null;null;null;null;null;
2023-05-17;null;null;null;null;null;null;null;null;null;
2023-05-18;null;null;null;null;null;null;null;null;null;
2023-05-19;null;null;null;null;null;null;null;null;null;
2023-05-20;null;null;null;null;null;null;null;null;null;
2023-05-21;null;null;null;null;null;null;null;null;null;
2023-05-22;null;null;null;null;null;null;null;null;null;
2023-05-23;null;null;null;null;null;null;null;null;null;
2023-05-24;null;null;null;null;null;null;null;null;null;
2023-05-25;null;null;null;null;null;null;null;null;null;
2023-05-26;null;null;null;null;null;null;null;null;null;
2023-05-27;null;null;null;null;null;null;null;null;null;
2023-05-28;null;null;null;null;null;null;null;null;null;
2023-05-29;null;null;null;null;null;null;null;null;null;
2023-05-30;null;null;null;null;null;null;null;null;null;
2023-05-31;null;null;null;null;null;null;null;null;null;
2023-06-01;null;null;null;null;null;null;null;null;null;
2023-06-02;null;null;null;null;null;null;null;null;null;
2023-06-03;null;null;null;null;null;null;null;null;null;
2023-06-04;null;null;null;null;null;null;null;null;null;
2023-06-05;null;null;null;null;null;null;null;null;null;
2023-06-06;null;null;null;null;null;null;null;null;null;
2023-06-07;null;null;null;null;null;null;null;null;null;
2023-06-08;null;null;null;null;null;null;null;null;null;
2023-06-09;null;null;null;null;null;null;null;null;null;
2023-06-10;null;null;null;null;null;null;null;null;null;
2023-06-11;null;null;null;null;null;null;null;null;null;
2023-06-12;null;null;null;null;null;null;null;null;null;
2023-06-13;null;null;null;null;null;null;null;null;null;
2023-06-14;null;null;null;null;null;null;null;null;null;
2023-06-15;null;null;null;null;null;null;null;null;null;
2023-06-16;null;null;null;null;null;null;null;null;null;
2023-06-17;null;null;null;null;null;null;null;null;null;
2023-06-18;null;null;null;null;null;null;null;null;null;
2023-06-19;null;null;null;null;null;null;null;null;null;
2023-06-20;null;null;null;null;null;null;null;null;null;
2023-06-21;null;null;null;null;null;null;null;null;null;
2023-06-22;null;null;null;null;null;null;null;null;null;
2023-06-23;null;null;null;null;null;null;null;null;null;
2023-06-24;null;null;null;null;null;null;null;null;null;
2023-06-25;null;null;null;null;null;null;null;null;null;
2023-06-26;null;null;null;null;null;null;null;null;null;
2023-06-27;null;null;null;null;null;null;null;null;null;
2023-06-28;null;null;null;null;null;null;null;null;null;
2023-06-29;null;null;null;null;null;null;null;null;null;
2023-06-30;null;null;null;null;null;null;null;null;null;
2023-07-01;null;null;null;null;null;null;null;null;null;
2023-07-02;null;null;null;null;null;null;null;null;null;
2023-07-03;null;null;null;null;null;null;null;null;null;
2023-07-04;null;null;null;null;null;null;null;null;null;
2023-07-05;null;null;null;null;null;null;null;null;null;
2023-07-06;null;null;null;null;null;null;null;null;null;
2023-07-07;null;null;null;null;null;null;null;null;null;
2023-07-08;null;null;null;null;null;null;null;null;null;
2023-07-09;null;null;null;null;null;null;null;null;null;
2023-07-10;null;null;null;null;null;null;null;null;null;
2023-07-11;null;null;null;null;null;null;null;null;null;
2023-07-12;null;null;null;null;null;null;null;null;null;
2023-07-13;null;null;null;null;null;null;null;null;null;
2023-07-14;null;null;null;null;null;null;null;null;null;
2023-07-15;null;null;null;null;null;null;null;null;null;
2023-07-16;null;null;null;null;null;null;null;null;null;
2023-07-17;null;null;null;null;null;null;null;null;null;
2023-07-18;null;null;null;null;null;null;null;null;null;
2023-07-19;null;null;null;null;null;null;null;null;null;
2023-07-20;null;null;null;null;null;null;null;null;null;
2023-07-21;null;null;null;null;null;null;null;null;null;
2023-07-22;null;null;null;null;null;null;null;null;null;
2023-07-23;null;null;null;null;null;null;null;null;null;
2023-07-24;null;null;null;null;null;null;null;null;null;
2023-07-25;null;null;null;null;null;null;null;null;null;
2023-07-26;null;null;null;null;null;null;null;null;null;
2023-07-27;null;null;null;null;null;null;null;null;null;
2023-07-28;null;null;null;null;null;null;null;null;null;
2023-07-29;null;null;null;null;null;null;null;null;null;
2023-07-30;null;null;null;null;null;null;null;null;null;
2023-07-31;null;null;null;null;null;null;null;null;null;
2023-08-01;null;null;null;null;null;null;null;null;null;
2023-08-02;null;null;null;null;null;null;null;null;null;
2023-08-03;null;null;null;null;null;null;null;null;null;
2023-08-04;null;null;null;null;null;null;null;null;null;
2023-08-05;null;null;null;null;null;null;null;null;null;
2023-08-06;null;null;null;null;null;null;null;null;null;
2023-08-07;null;null;null;null;null;null;null;null;null;
2023-08-08;null;null;null;null;null;null;null;null;null;
2023-08-09;null;null;null;null;null;null;null;null;null;
2023-08-10;null;null;null;null;null;null;null;null;null;
2023-08-11;null;null;null;null;null;null;null;null;null;
2023-08-12;null;null;null;null;null;null;null;null;null;
2023-08-13;null;null;null;null;null;null;null;null;null;
2023-08-14;null;null;null;null;null;null;null;null;null;
2023-08-15;null;null;null;null;null;null;null;null;null;
2023-08-16;null;null;null;null;null;null;null;null;null;
2023-08-17;null;null;null;null;null;null;null;null;null;
2023-08-18;null;null;null;null;null;null;null;null;null;
2023-08-19;null;null;null;null;null;null;null;null;null;
2023-08-20;null;null;null;null;null;null;null;null;null;
2023-08-21;null;null;null;null;null;null;null;null;null;
2023-08-22;null;null;null;null;null;null;null;null;null;
2023-08-23;null;null;null;null;null;null;null;null;null;
2023-08-24;null;null;null;null;null;null;null;null;null;
2023-08-25;null;null;null;null;null;null;null;null;null;
2023-08-26;null;null;null;null;null;null;null;null;null;
2023-08-27;null;null;null;null;null;null;null;null;null;
2023-08-28;null;null;null;null;null;null;null;null;null;
2023-08-29;null;null;null;null;null;null;null;null;null;
2023-08-30;null;null;null;null;null;null;null;null;null;
2023-08-31;null;null;null;null;null;null;null;null;null;
2023-09-01;null;null;null;null;null;null;null;null;null;
2023-09-02;null;null;null;null;null;null;null;null;null;
2023-09-03;null;null;null;null;null;null;null;null;null;
2023-09-04;null;null;null;null;null;null;null;null;null;
2023-09-05;null;null;null;null;null;null;null;null;null;
2023-09-06;null;null;null;null;null;null;null;null;null;
2023-09-07;null;null;null;null;null;null;null;null;null;
2023-09-08;null;null;null;null;null;null;null;null;null;
2023-09-09;null;null;null;null;null;null;null;null;null;
2023-09-10;null;null;null;null;null;null;null;null;null;
2023-09-11;null;null;null;null;null;null;null;null;null;
2023-09-12;null;null;null;null;null;null;null;null;null;
2023-09-13;null;null;null;null;null;null;null;null;null;
2023-09-14;null;null;null;null;null;null;null;null;null;
2023-09-15;null;null;null;null;null;null;null;null;null;
2023-09-16;null;null;null;null;null;null;null;null;null;
2023-09-17;null;null;null;null;null;null;null;null;null;
2023-09-18;null;null;null;null;null;null;null;null;null;
2023-09-19;null;null;null;null;null;null;null;null;null;
2023-09-20;null;null;null;null;null;null;null;null;null;
2023-09-21;null;null;null;null;null;null;null;null;null;
2023-09-22;null;null;null;null;null;null;null;null;null;
2023-09-23;null;null;null;null;null;null;null;null;null;
2023-09-24;null;null;null;null;null;null;null;null;null;
2023-09-25;null;null;null;null;null;null;null;null;null;
2023-09-26;null;null;null;null;null;null;null;null;null;
2023-09-27;null;null;null;null;null;null;null;null;null;
2023-09-28;null;null;null;null;null;null;null;null;null;
2023-09-29;null;null;null;null;null;null;null;null;null;
2023-09-30;null;null;null;null;null;null;null;null;null;
2023-10-01;null;null;null;null;null;null;null;null;null;
2023-10-02;null;null;null;null;null;null;null;null;null;
2023-10-03;null;null;null;null;null;null;null;null;null;
2023-10-04;null;null;null;null;null;null;null;null;null;
2023-10-05;null;null;null;null;null;null;null;null;null;
2023-10-06;null;null;null;null;null;null;null;null;null;
2023-10-07;null;null;null;null;null;null;null;null;null;
2023-10-08;null;null;null;null;null;null;null;null;null;
2023-10-09;null;null;null;null;null;null;null;null;null;
2023-10-10;null;null;null;null;null;null;null;null;null;
2023-10-11;null;null;null;null;null;null;null;null;null;
2023-10-12;null;null;null;null;null;null;null;null;null;
2023-10-13;null;null;null;null;null;null;null;null;null;
2023-10-14;null;null;null;null;null;null;null;null;null;
2023-10-15;null;null;null;null;null;null;null;null;null;
2023-10-16;null;null;null;null;null;null;null;null;null;
2023-10-17;null;null;null;null;null;null;null;null;null;
2023-10-18;null;null;null;null;null;null;null;null;null;
2023-10-19;null;null;null;null;null;null;null;null;null;
2023-10-20;null;null;null;null;null;null;null;null;null;
2023-10-21;null;null;null;null;null;null;null;null;null;
2023-10-22;null;null;null;null;null;null;null;null;null;
2023-10-23;null;null;null;null;null;null;null;null;null;
2023-10-24;null;null;null;null;null;null;null;null;null;
2023-10-25;null;null;null;null;null;null;null;null;null;
2023-10-26;null;null;null;null;null;null;null;null;null;
2023-10-27;null;null;null;null;null;null;null;null;null;
2023-10-28;null;null;null;null;null;null;null;null;null;
2023-10-29;null;null;null;null;null;null;null;null;null;
2023-10-30;null;null;null;null;null;null;null;null;null;
2023-10-31;null;null;null;null;null;null;null;null;null;
2023-11-01;null;null;null;null;null;null;null;null;null;
2023-11-02;null;null;null;null;null;null;null;null;null;
2023-11-03;null;null;null;null;null;null;null;null;null;
2023-11-04;null;null;null;null;null;null;null;null;null;
2023-11-05;null;null;null;null;null;null;null;null;null;
2023-11-06;null;null;null;null;null;null;null;null;null;
2023-11-07;null;null;null;null;null;null;null;null;null;
2023-11-08;null;null;null;null;null;null;null;null;null;
2023-11-09;null;null;null;null;null;null;null;null;null;
2023-11-10;null;null;null;null;null;null;null;null;null;
2023-11-11;null;null;null;null;null;null;null;null;null;
2023-11-12;null;null;null;null;null;null;null;null;null;
2023-11-13;null;null;null;null;null;null;null;null;null;
2023-11-14;null;null;null;null;null;null;null;null;null;
2023-11-15;null;null;null;null;null;null;null;null;null;
2023-11-16;null;null;null;null;null;null;null;null;null;
2023-11-17;null;null;null;null;null;null;null;null;null;
2023-11-18;null;null;null;null;null;null;null;null;null;
2023-11-19;null;null;null;null;null;null;null;null;null;
2023-11-20;null;null;null;null;null;null;null;null;null;
2023-11-21;null;null;null;null;null;null;null;null;null;
2023-11-22;null;null;null;null;null;null;null;null;null;
2023-11-23;null;null;null;null;null;null;null;null;null;
2023-11-24;null;null;null;null;null;null;null;null;null;
2023-11-25;null;null;null;null;null;null;null;null;null;
2023-11-26;null;null;null;null;null;null;null;null;null;
2023-11-27;null;null;null;null;null;null;null;null;null;
2023-11-28;null;null;null;null;null;null;null;null;null;
2023-11-29;null;null;null;null;null;null;null;null;null;
2023-11-30;null;null;null;null;null;null;null;null;null;
2023-12-01;null;null;null;null;null;null;null;null;null;
2023-12-02;null;null;null;null;null;null;null;null;null;
2023-12-03;null;null;null;null;null;null;null;null;null;
2023-12-04;null;null;null;null;null;null;null;null;null;
2023-12-05;null;null;null;null;null;null;null;null;null;
2023-12-06;null;null;null;null;null;null;null;null;null;
2023-12-07;null;null;null;null;null;null;null;null;null;
2023-12-08;null;null;null;null;null;null;null;null;null;
2023-12-09;null;null;null;null;null;null;null;null;null;
2023-12-10;null;null;null;null;null;null;null;null;null;
2023-12-11;null;null;null;null;null;null;null;null;null;
2023-12-12;null;null;null;null;null;null;null;null;null;
2023-12-13;null;null;null;null;null;null;null;null;null;
2023-12-14;null;null;null;null;null;null;null;null;null;
2023-12-15;null;null;null;null;null;null;null;null;null;
2023-12-16;null;null;null;null;null;null;null;null;null;
2023-12-17;null;null;null;null;null;null;null;null;null;
2023-12-18;null;null;null;null;null;null;null;null;null;
2023-12-19;null;null;null;null;null;null;null;null;null;
2023-12-20;null;null;null;null;null;null;null;null;null;
2023-12-21;null;null;null;null;null;null;null;null;null;
2023-12-22;null;null;null;null;null;null;null;null;null;
2023-12-23;null;null;null;null;null;null;null;null;null;
2023-12-24;null;null;null;null;null;null;null;null;null;
2023-12-25;null;null;null;null;null;null;null;null;null;
2023-12-26;null;null;null;null;null;null;null;null;null;
2023-12-27;null;null;null;null;null;null;null;null;null;
2023-12-28;null;null;null;null;null;null;null;null;null;
2023-12-29;null;null;null;null;null;null;null;null;null;
2023-12-30;null;null;null;null;null;null;null;null;null;
2023-12-31;null;null;null;null;null;null;null;null;null;
2024-01-01;null;null;null;null;null;null;null;null;null;
2024-01-02;null;null;null;null;null;null;null;null;null;
2024-01-03;null;null;null;null;null;null;null;null;null;
2024-01-04;null;null;null;null;null;null;null;null;null;
2024-01-05;null;null;null;null;null;null;null;null;null;
2024-01-06;null;null;null;null;null;null;null;null;null;
2024-01-07;null;null;null;null;null;null;null;null;null;
2024-01-08;null;null;null;null;null;null;null;null;null;
2024-01-09;null;null;null;null;null;null;null;null;null;
2024-01-10;null;null;null;null;null;null;null;null;null;
2024-01-11;null;null;null;null;null;null;null;null;null;
2024-01-12;null;null;null;null;null;null;null;null;null;
2024-01-13;null;null;null;null;null;null;null;null;null;
2024-01-14;null;null;null;null;null;null;null;null;null;
2024-01-15;null;null;null;null;null;null;null;null;null;
2024-01-16;null;null;null;null;null;null;null;null;null;
2024-01-17;null;null;null;null;null;null;null;null;null;
2024-01-18;null;null;null;null;null;null;null;null;null;
2024-01-19;null;null;null;null;null;null;null;null;null;
2024-01-20;null;null;null;null;null;null;null;null;null;
2024-01-21;null;null;null;null;null;null;null;null;null;
2024-01-22;null;null;null;null;null;null;null;null;null;
2024-01-23;null;null;null;null;null;null;null;null;null;
2024-01-24;null;null;null;null;null;null;null;null;null;
2024-01-25;null;null;null;null;null;null;null;null;null;
2024-01-26;null;null;null;null;null;null;null;null;null;
2024-01-27;null;null;null;null;null;null;null;null;null;
2024-01-28;null;null;null;null;null;null;null;null;null;
2024-01-29;null;null;null;null;null;null;null;null;null;
2024-01-30;null;null;null;null;null;null;null;null;null;
2024-01-31;null;null;null;null;null;null;null;null;null;
2024-02-01;null;null;null;null;null;null;null;null;null;
2024-02-02;null;null;null;null;null;null;null;null;null;
2024-02-03;null;null;null;null;null;null;null;null;null;
2024-02-04;null;null;null;null;null;null;null;null;null;
2024-02-05;null;null;null;null;null;null;null;null;null;
2024-02-06;null;null;null;null;null;null;null;null;null;
2024-02-07;null;null;null;null;null;null;null;null;null;
2024-02-08;null;null;null;null;null;null;null;null;null;
2024-02-09;null;null;null;null;null;null;null;null;null;
2024-02-10;null;null;null;null;null;null;null;null;null;
2024-02-11;null;null;null;null;null;null;null;null;null;
2024-02-12;null;null;null;null;null;null;null;null;null;
2024-02-13;null;null;null;null;null;null;null;null;null;
2024-02-14;null;null;null;null;null;null;null;null;null;
2024-02-15;null;null;null;null;null;null;null;null;null;
2024-02-16;null;null;null;null;null;null;null;null;null;
2024-02-17;null;null;null;null;null;null;null;null;null;
2024-02-18;null;null;null;null;null;null;null;null;null;
2024-02-19;null;null;null;null;null;null;null;null;null;
2024-02-20;null;null;null;null;null;null;null;null;null;
2024-02-21;null;null;null;null;null;null;null;null;null;
2024-02-22;null;null;null;null;null;null;null;null;null;
2024-02-23;null;null;null;null;null;null;null;null;null;
2024-02-24;null;null;null;null;null;null;null;null;null;
2024-02-25;null;null;null;null;null;null;null;null;null;
2024-02-26;null;null;null;null;null;null;null;null;null;
2024-02-27;null;null;null;null;null;null;null;null;null;
2024-02-28;null;null;null;null;null;null;null;null;null;
2024-02-29;null;null;null;null;null;null;null;null;null;
2024-03-01;null;null;null;null;null;null;null;null;null;
2024-03-02;null;null;null;null;null;null;null;null;null;
2024-03-03;null;null;null;null;null;null;null;null;null;
2024-03-04;null;null;null;null;null;null;null;null;null;
2024-03-05;null;null;null;null;null;null;null;null;null;
2024-03-06;null;null;null;null;null;null;null;null;null;
2024-03-07;null;null;null;null;null;null;null;null;null;
2024-03-08;null;null;null;null;null;null;null;null;null;
2024-03-09;null;null;null;null;null;null;null;null;null;
2024-03-10;null;null;null;null;null;null;null;null;null;
2024-03-11;null;null;null;null;null;null;null;null;null;
2024-03-12;null;null;null;null;null;null;null;null;null;
2024-03-13;null;null;null;null;null;null;null;null;null;
2024-03-14;null;null;null;null;null;null;null;null;null;
2024-03-15;null;null;null;null;null;null;null;null;null;
2024-03-16;null;null;null;null;null;null;null;null;null;
2024-03-17;null;null;null;null;null;null;null;null;null;
2024-03-18;null;null;null;null;null;null;null;null;null;
2024-03-19;null;null;null;null;null;null;null;null;null;
2024-03-20;null;null;null;null;null;null;null;null;null;
2024-03-21;null;null;null;null;null;null;null;null;null;
2024-03-22;null;null;null;null;null;null;null;null;null;
2024-03-23;null;null;null;null;null;null;null;null;null;
2024-03-24;null;null;null;null;null;null;null;null;null;
2024-03-25;null;null;null;null;null;null;null;null;null;
2024-03-26;null;null;null;null;null;null;null;null;null;
2024-03-27;null;null;null;null;null;null;null;null;null;
2024-03-28;null;null;null;null;null;null;null;null;null;
2024-03-29;null;null;null;null;null;null;null;null;null;
2024-03-30;null;null;null;null;null;null;null;null;null;
2024-03-31;null;null;null;null;null;null;null;null;null;

